name,symbol
Sanco Industries Limited,SANCO
Ortel Communications Limited,ORTEL
Setubandhan Infrastructure Limited,SETUINFRA
Lakshmi Precision Screws Limited,LAKPRE
Shanti Overseas (India) Limited,SHANTI
Premier Limited,PREMIER
DCM Financial Services Limited,DCMFINSERV
Omkar Speciality Chemicals Limited,OMKARCHEM
MT Educare Limited,MTEDUCARE
Usha Martin Education & Solutions Limited,UMESLTD
Shyam Telecom Limited,SHYAMTEL
Eurotex Industries and Exports Limited,EUROTEXIND
Compuage Infocom Limited,COMPINFO
Globale Tessile Limited,GLOBALE
Winsome Yarns Limited,WINSOME
Rajdarshan Industries Limited,ARENTERP
Tijaria Polypipes Limited,TIJARIA
Creative Eye Limited,CREATIVEYE
Antarctica Limited,ANTGRAPHIC
Kalyani Commercials Limited,KALYANI
ORTIN GLOBAL LIMITED,ORTINGLOBE
Impex Ferro Tech Limited,IMPEXFERRO
Gujarat Lease Financing Limited,GLFL
Uniinfo Telecom Services Limited,UNIINFO
Lypsa Gems & Jewellery Limited,LYPSAGEMS
Sanwaria Consumer Limited,SANWARIA
Visagar Polytex Limited,VIVIDHA
JHS Svendgaard Retail Ventures Limited,RETAIL
Radaan Mediaworks India Limited,RADAAN
Niraj Ispat Industries Limited,NIRAJISPAT
Heads UP Ventures Limited,HEADSUP
Sab Events & Governance Now Media Limited,SABEVENTS
Silly Monks Entertainment Limited,SILLYMONKS
Ace Integrated Solutions Limited,ACEINTEG
MEP Infrastructure Developers Limited,MEP
Astron Paper & Board Mill Limited,ASTRON
G-TEC JAINX EDUCATION LIMITED,GTECJAINX
TCI Finance Limited,TCIFINANCE
Gujarat Raffia Industries Limited,GUJRAFFIA
BIL VYAPAR LIMITED,BILVYAPAR
Morarjee Textiles Limited,MORARJEE
Mahalaxmi Fabric Mills Limited,MFML
TV Vision Limited,TVVISION
Ankit Metal & Power Limited,ANKITMETAL
Sri Havisha Hospitality and Infrastructure Limited,HAVISHA
Future Lifestyle Fashions Limited,FLFL
Supreme Engineering Limited,SUPREMEENG
Infomedia Press Limited,INFOMEDIA
Khandwala Securities Limited,KHANDSE
Cyber Media (India) Limited,CYBERMEDIA
Laxmi Cotspin Limited,LAXMICOT
Libas Consumer Products Limited,LIBAS
Shrenik Limited,SHRENIK
TECIL Chemicals and Hydro Power Limited,TECILCHEM
TGB Banquets And Hotels Limited,TGBHOTELS
Flexituff Ventures International Limited,FLEXITUFF
Kanani Industries Limited,KANANIIND
Viji Finance Limited,VIJIFIN
Williamson Magor & Company Limited,WILLAMAGOR
DSJ Keep Learning Limited,KEEPLEARN
Kaushalya Infrastructure Development Corporation Limited,KAUSHALYA
Seya Industries Limited,SEYAIND
Siti Networks Limited,SITINET
Pearl Polymers Limited,PEARLPOLY
Kridhan Infra Limited,KRIDHANINF
Future Enterprises Limited,FEL
Future Enterprises Limited,FELDVR
Nagreeka Capital & Infrastructure Limited,NAGREEKCAP
California Software Company Limited,CALSOFT
Akshar Spintex Limited,AKSHAR
Pritish Nandy Communications Limited,PNC
STL Global Limited,SGL
Madhav Marbles and Granites Limited,MADHAV
GSS Infotech Limited,GSS
Madhucon Projects Limited,MADHUCON
Simbhaoli Sugars Limited,SIMBHALS
Rollatainers Limited,ROLLT
Super Spinning Mills Limited,SUPERSPIN
Mohit Industries Limited,MOHITIND
SVP GLOBAL TEXTILES LIMITED,SVPGLOB
Blue Coast Hotels Limited,BLUECOAST
Sanginita Chemicals Limited,SANGINITA
Ashoka Metcast Limited,ASHOKAMET
Next Mediaworks Limited,NEXTMEDIA
21st Century Management Services Limited,21STCENMGM
Auri Grow India Limited,AURIGROW
ABM International Limited,ABMINTLLTD
Tamilnadu Telecommunication Limited,TNTELE
Vaxtex Cotfab Limited,VCL
Palred Technologies Limited,PALREDTEC
NK Industries Limited,NKIND
Lasa Supergenerics Limited,LASA
Archidply Decor Limited,ADL
Diligent Media Corporation Limited,DNAMEDIA
Ganga Forging Limited,GANGAFORGE
Aro Granite Industries Limited,AROGRANITE
Sagardeep Alloys Limited,SAGARDEEP
HB Stockholdings Limited,HBSL
Bohra Industries Limited,BOHRAIND
Lakshmi Finance & Industrial Corporation Limited,LFIC
Country Condo's Limited,COUNCODOS
Tree House Education & Accessories Limited,TREEHOUSE
Akg Exim Limited,AKG
Kshitij Polyline Limited,KSHITIJPOL
Ambica Agarbathies & Aroma industries Limited,AMBICAAGAR
WE WIN LIMITED,WEWIN
Capital Trust Limited,CAPTRUST
AGS Transact Technologies Limited,AGSTRA
Akash Infra-Projects Limited,AKASH
Mask Investments Limited,MASKINVEST
Mittal Life Style Limited,MITTAL
Khaitan (India) Limited,KHAITANLTD
Shekhawati Industries Limited,SHEKHAWATI
Nakoda Group of Industries Limited,NGIL
Mangalam Drugs And Organics Limited,MANGALAM
Ravi Kumar Distilleries Limited,RKDL
Manugraph India Limited,MANUGRAPH
Dangee Dums Limited,DANGEE
Celebrity Fashions Limited,CELEBRITY
Shiva Mills Limited,SHIVAMILLS
Oriental Trimex Limited,ORIENTALTL
Tarapur Transformers Limited,TARAPUR
Future Market Networks Limited,FMNL
Vinny Overseas Limited,VINNY
Karma Energy Limited,KARMAENG
Golden Tobacco Limited,GOLDENTOBC
Biofil Chemicals & Pharmaceuticals Limited,BIOFILCHEM
Dhruv Consultancy Services Limited,DHRUV
AKI India Limited,AKI
Archies Limited,ARCHIES
ICDS Limited,ICDSLTD
Balkrishna Paper Mills Limited,BALKRISHNA
Cambridge Technology Enterprises Limited,CTE
KSR Footwear Limited,KSR
Gayatri Highways Limited,GAYAHWS
GACM Technologies Limited,GATECH
GACM Technologies Limited,GATECHDVR
Malu Paper Mills Limited,MALUPAPER
Bang Overseas Limited,BANG
Prudential Sugar Corporation Limited,PRUDMOULI
Cerebra Integrated Technologies Limited,CEREBRAINT
Hybrid Financial Services Limited,HYBRIDFIN
Vineet Laboratories Limited,VINEETLAB
Ahlada Engineers Limited,AHLADA
Onelife Capital Advisors Limited-RE,ONECAP-RE
Onelife Capital Advisors Limited,ONELIFECAP
3P Land Holdings Limited,3PLAND
Atlas Cycles (Haryana) Limited,ATLASCYCLE
LCC Infotech Limited,LCCINFOTEC
Damodar Industries Limited,DAMODARIND
Priti International Limited,PRITI
Vivimed Labs Limited,VIVIMEDLAB
Suvidhaa Infoserve Limited,SUVIDHAA
Ansal Properties & Infrastructure Limited,ANSALAPI
Banka BioLoo Limited,BANKA
Teamo Productions HQ Limited,TPHQ
Raj Oil Mills Limited,ROML
Orient Press Limited,ORIENTLTD
Alkali Metals Limited,ALKALI
Delta Manufacturing Limited,DELTAMAGNT
Anmol India Limited,ANMOL
HandsOn Global Management (HGM) Limited,HGM
Agro Phos India Limited,AGROPHOS
Noida Toll Bridge Company Limited,NOIDATOLL
Patel Integrated Logistics Limited,PATINTLOG
Sundaram Multi Pap Limited,SUNDARAM
Atam Valves Limited,ATAM
Agri-Tech (India) Limited,AGRITECH
Accuracy Shipping Limited,ACCURACY
Paras Petrofils Limited,PARASPETRO
Transwarranty Finance Limited,TFL
Vaishali Pharma Limited,VAISHALI
SECUREKLOUD TECHNOLOGIES LIMITED,SECURKLOUD
Semac Construction Limited,SEMAC
NRB Industrial Bearings Limited,NIBL
Prakash Steelage Limited,PRAKASHSTL
Ajooni Biotech Limited,AJOONI
Tokyo Plast International Limited,TOKYOPLAST
Lexus Granito (India) Limited,LEXUS
TruCap Finance Limited,TRU
Nagreeka Exports Limited,NAGREEKEXP
Energy Development Company Limited,ENERGYDEV
Aksh Optifibre Limited,AKSHOPTFBR
Odigma Consultancy Solutions Limited,ODIGMA
AMD Industries Limited,AMDIND
Adroit Infotech Limited,ADROITINFO
The Motor & General Finance Limited,MOTOGENFIN
IL&FS Transportation Networks Limited,IL&FSTRANS
Banaras Beads Limited,BANARBEADS
Zenith Steel Pipes & Industries Limited,ZENITHSTL
Digidrive Distributors Limited,DIGIDRIVE
Touchwood Entertainment Limited,TOUCHWOOD
Landmark Property Development Company Limited,LPDC
JHS Svendgaard Laboratories Limited,JHS
Aakash Exploration Services Limited,AAKASH
DHARAN INFRA-EPC LIMITED,DHARAN
Pioneer Embroideries Limited,PIONEEREMB
Orchasp Limited,ORCHASP
Cura Technologies Limited,CURAA
Jet Freight Logistics Limited,JETFREIGHT
R. S. Software (India) Limited,RSSOFTWARE
SPL Industries Limited,SPLIL
Kakatiya Cement Sugar & Industries Limited,KAKATCEM
Cinevista Limited,CINEVISTA
DB (International) Stock Brokers Limited,DBSTOCKBRO
Hisar Metal Industries Limited,HISARMETAL
BLB Limited,BLBLIMITED
Rajshree Sugars & Chemicals Limited,RAJSREESUG
Hilton Metal Forging Limited,HILTON
Reliance Chemotex Industries Limited,RELCHEMQ
Uma Exports Limited,UMAEXPORTS
Barak Valley Cements Limited,BVCL
Kohinoor Foods Limited,KOHINOOR
Palash Securities Limited,PALASHSECU
Digjam Limited,DIGJAMLMTD
Sarthak Metals Limited,SMLT
SEL Manufacturing Company Limited,SELMC
Standard Industries Limited,SIL
B.A.G Films and Media Limited,BAGFILMS
Goyal Aluminiums Limited,GOYALALUM
Beardsell Limited,BEARDSELL
Art Nirman Limited,ARTNIRMAN
Total Transport Systems Limited,TOTAL
Reliance Home Finance Limited,RHFL
Hindcon Chemicals Limited,HINDCON
Suryalakshmi Cotton Mills Limited,SURYALAXMI
Rajnandini Metal Limited,RAJMET
Loyal Textile Mills Limited,LOYALTEX
Ducon Infratechnologies Limited,DUCON
Shyam Century Ferrous Limited,SHYAMCENT
BALAXI PHARMACEUTICALS LIMITED,BALAXI
Lambodhara Textiles Limited,LAMBODHARA
The Grob Tea Company Limited,GROBTEA
Lovable Lingerie Limited,LOVABLE
GTL Limited,GTL
Moksh Ornaments Limited,MOKSH
Regency Ceramics Limited,REGENCERAM
RKEC Projects Limited,RKEC
Surana Solar Limited,SURANASOL
Compucom Software Limited,COMPUSOFT
Sadbhav Infrastructure Project Limited,SADBHIN
Zenith Exports Limited,ZENITHEXPO
Inventure Growth & Securities Limited,INVENTURE
Aban Offshore Limited,ABAN
Intrasoft Technologies Limited,ISFT
MITCON Consultancy & Engineering Services Limited,MITCON
Par Drugs And Chemicals Limited,PAR
Jocil Limited,JOCIL
ShreeOswal Seeds And Chemicals Limited,OSWALSEEDS
Maheshwari Logistics Limited,MAHESHWARI
GLOBE ENTERPRISES (INDIA) LIMITED,GLOBE
Orissa Bengal Carrier Limited,OBCL
Bal Pharma Limited,BALPHARMA
Fiberweb (India) Limited,FIBERWEB
GVP Infotech Limited,GVPTECH
Bhandari Hosiery Exports Limited,BHANDARI
HEC Infra Projects Limited,HECPROJECT
Indian Card Clothing Company Limited,INDIANCARD
Krebs Biochemicals and Industries Limited,KREBSBIO
Ganges Securities Limited,GANGESSECU
Smartlink Holdings Limited,SMARTLINK
Narmada Agrobase Limited,NARMADA
Rajshree Polypack Limited,RPPL
Somi Conveyor Beltings Limited,SOMICONVEY
Mukta Arts Limited,MUKTAARTS
Alphageo (India) Limited,ALPHAGEO
Vishwaraj Sugar Industries Limited,VISHWARAJ
Latteys Industries Limited,LATTEYS
Anik Industries Limited,ANIKINDS
The Western India Plywoods Limited,WIPL
Lorenzini Apparels Limited,LAL
Maha Rashtra Apex Corporation Limited,MAHAPEXLTD
Shah Alloys Limited,SHAHALLOYS
AAA Technologies Limited,AAATECH
Lagnam Spintex Limited,LAGNAM
Texmo Pipes and Products Limited,TEXMOPIPES
Steel City Securities Limited,STEELCITY
Bodhi Tree Multimedia Limited,BTML
Dev Information Technology Limited,DEVIT
Ausom Enterprise Limited,AUSOMENT
BSL Limited,BSL
Airo Lam limited,AIROLAM
SecMark Consultancy Limited,SECMARK
Ruchi Infrastructure Limited,RUCHINFRA
Aartech Solonics Limited,AARTECH
Coral India Finance & Housing Limited,CORALFINAC
Weizmann Limited,WEIZMANIND
Alpa Laboratories Limited,ALPA
Signet Industries Limited,SIGIND
Integra Essentia Limited,ESSENTIA
Kamdhenu Ventures Limited,KAMOPAINTS
Crown Lifters Limited,CROWN
Navkar Urbanstructure Limited,NAVKARURB
Reliable Data Services Limited,RELIABLE
North Eastern Carrying Corporation Limited,NECCLTD
IVP Limited,IVP
Salona Cotspin Limited,SALONA
Praxis Home Retail Limited,PRAXIS
Hindprakash Industries Limited,HPIL
Sambhaav Media Limited,SAMBHAAV
Modern Threads (India) Limited,MODTHREAD
DCM Limited,DCM
Dhunseri Tea & Industries Limited,DTIL
Indowind Energy Limited,INDOWIND
Sampann Utpadan India Limited,SAMPANN
Magnum Ventures Limited,MAGNUM
Excel Realty N Infra Limited,EXCEL
Norben Tea & Exports Limited,NORBTEAEXP
Cubex Tubings Limited,CUBEXTUB
Osia Hyper Retail Limited,OSIAHYPER
Tips Films Limited,TIPSFILMS
Keynote Financial Services Limited,KEYFINSERV
Indian Terrain Fashions Limited,INDTERRAIN
Indbank Merchant Banking Services Limited,INDBANK
Rudrabhishek Enterprises Limited,REPL
Ishan Dyes and Chemicals Limited,ISHANCH
Century Extrusions Limited,CENTEXT
Natural Capsules Limited,NATCAPSUQ
UMIYA BUILDCON LIMITED,UMIYA-MRO
Digicontent Limited,DGCONTENT
Archidply Industries Limited,ARCHIDPLY
Trigyn Technologies Limited,TRIGYN
Kritika Wires Limited,KRITIKA
Amj Land Holdings Limited,AMJLAND
Udayshivakumar Infra Limited,USK
GP Petroleums Limited,GULFPETRO
INCREDIBLE INDUSTRIES LIMITED,INCREDIBLE
Bharat Gears Limited,BHARATGEAR
Prajay Engineers Syndicate Limited,PRAENG
Bharat Road Network Limited,BRNL
CP Capital Limited,CPCAP
Uravi Defence and Technology Limited,URAVIDEF
Plaza Wires Limited,PLAZACABLE
Aspinwall and Company Limited,ASPINWALL
VL E-Governance & IT Solutions Limited,VLEGOV
Rana Sugars Limited,RANASUG
Arvee Laboratories (India) Limited,ARVEE
Superhouse Limited,SUPERHOUSE
Madhav Copper Limited,MCL
Emmbi Industries Limited,EMMBI
Baid Finserv Limited,BAIDFIN
AksharChem India Limited,AKSHARCHEM
Filatex Fashions Limited,FILATFASH
Niraj Cement Structurals Limited,NIRAJ
Sumit Woods Limited,SUMIT
Tarmat Limited,TARMAT
Aeroflex Neu Limited,AERONEU
Lancor Holdings Limited,LANCORHOL
VIP Clothing Limited,VIPCLOTHNG
Rossell India Limited,ROSSELLIND
Bannari Amman Spinning Mills Limited,BASML
Manaksia Aluminium Company Limited,MANAKALUCO
Sadbhav Engineering Limited,SADBHAV
AVRO INDIA LIMITED,AVROIND
Mahalaxmi Rubtech Limited,MHLXMIRU
Vipul Limited,VIPULLTD
Equippp Social Impact Technologies Limited,EQUIPPP
Maral Overseas Limited,MARALOVER
Revathi Equipment India Limited,RVTH
Sakthi Sugars Limited,SAKHTISUG
Xelpmoc Design And Tech Limited,XELPMOC
M K Proteins Limited,MKPL
Aarvi Encon Limited,AARVI
Tainwala Chemical and Plastic (I) Limited,TAINWALCHM
Gillanders Arbuthnot & Company Limited,GILLANDERS
Zee Learn Limited,ZEELEARN
Brooks Laboratories Limited,BROOKS
Chembond Material Technologies Limited,CHEMBOND
Murudeshwar Ceramics Limited,MURUDCERA
SONAM LIMITED,SONAMLTD
Veto Switchgears And Cables Limited,VETO
Race Eco Chain Limited,RACE
PIL ITALICA LIFESTYLE LIMITED,PILITA
Elgi Rubber Company Limited,ELGIRUBCO
Rudra Global Infra Products Limited,RUDRA
Affordable Robotic & Automation Limited,AFFORDABLE
Sikko Industries Limited,SIKKO
Airan Limited,AIRAN
Vaswani Industries Limited,VASWANI
Silgo Retail Limited,SILGO
Raj Television Network Limited,RAJTV
Power & Instrumentation (Gujarat) Limited,PIGL
Jullundur Motor Agency (Delhi) Limited,JMA
Shiva Texyarn Limited,SHIVATEX
Kothari Sugars And Chemicals Limited,KOTARISUG
Shreyans Industries Limited,SHREYANIND
AION-TECH SOLUTIONS LIMITED,GOLDTECH
CL Educate Limited,CLEDUCATE
Supreme Holdings & Hospitality (India) Limited,SUPREME
Virinchi Limited,VIRINCHI
The Byke Hospitality Ltd,BYKE
Star Paper Mills Limited,STARPAPER
Aarey Drugs & Pharmaceuticals Limited,AAREYDRUGS
Worth Peripherals Limited,WORTHPERI
Country Club Hospitality & Holidays Limited,CCHHL
Nitiraj Engineers Limited,NITIRAJ
DRC Systems India Limited,DRCSYSTEMS
Zodiac Clothing Company Limited,ZODIACLOTH
Khadim India Limited,KHADIM
Pritika Auto Industries Limited,PRITIKAUTO
Vibhor Steel Tubes Limited,VSTL
AVG Logistics Limited,AVG
Cords Cable Industries Limited,CORDSCABLE
Kavveri Defence & Wireless Technologies Limited,KAVDEFENCE
Lyka Labs Limited,LYKALABS
Shree Tirupati Balajee Agro Trading Company Limited,BALAJEE
Kalyani Forge Limited,KALYANIFRG
Setco Automotive Limited,SETCO
Omax Autos Limited,OMAXAUTO
Global Vectra Helicorp Limited,GLOBALVECT
Lotus Eye Hospital and Institute Limited,LOTUSEYE
K.M.Sugar Mills Limited,KMSUGAR
VMS TMT Limited,VMSTMT
Alankit Limited,ALANKIT
IL&FS Investment Managers Limited,IVC
DCM Nouvelle Limited,DCMNVL
D P Wires Limited,DPWIRES
Ponni Sugars (Erode) Limited,PONNIERODE
Nectar Lifesciences Limited,NECLIFE
Team India Guaranty Limited,TEAMGTY
Reliance Communications Limited,RCOM
Jayshree Tea & Industries Limited,JAYSREETEA
Sintercom India Limited,SINTERCOM
Diamines & Chemicals Limited,DIAMINESQ
Intense Technologies Limited,INTENTECH
Sundaram Brake Linings Limited,SUNDRMBRAK
Univastu India Limited,UNIVASTU
UCAL LIMITED,UCAL
Hitech Corporation Limited,HITECHCORP
Surana Telecom and Power Limited,SURANAT&P
The Peria Karamalai Tea & Produce Company Limited,PKTEA
Vikas EcoTech Limited,VIKASECO
T T Limited,TTL
Oil Country Tubular Limited,OILCOUNTUB
Saraswati Saree Depot Limited,SSDL
Jinkushal Industries Limited,JKIPL
The United Nilgiri Tea Estates Company Limited,UNITEDTEA
Bafna Pharmaceuticals Limited,BAFNAPH
Poddar Pigments Limited,PODDARMENT
Indo-National Limited,NIPPOBATRY
Megastar Foods Limited,MEGASTAR
Ravinder Heights Limited,RVHL
Shivam Autotech Limited,SHIVAMAUTO
Naga Dhunseri Group Limited,NDGL
Geekay Wires Limited,GEEKAYWIRE
KCP Sugar and Industries Corporation Limited,KCPSUGIND
Generic Engineering Construction and Projects Limited,GENCON
Shankara Building Products Limited,SHANKARA
Asahi Songwon Colors Limited,ASAHISONG
Nagarjuna Fertilizers and Chemicals Limited,NAGAFERT
Starteck Finance Limited,STARTECK
Nova Agritech Limited,NOVAAGRI
U. Y. Fincorp Limited,UYFINCORP
Shankar Lal Rampal Dye-Chem Limited,SRD
Ashima Limited,ASHIMASYN
FCS Software Solutions Limited,FCSSOFT
Vikas Lifecare Limited,VIKASLIFE
UFO Moviez India Limited,UFO
Sahyadri Industries Limited,SAHYADRI
BPL Limited,BPL
Shemaroo Entertainment Limited,SHEMAROO
Asian Hotels (East) Limited,AHLEAST
Vardhman Acrylics Limited,VARDHACRLC
Nureca Limited,NURECA
Om Freight Forwarders Limited,OMFREIGHT
Almondz Global Securities Limited,ALMONDZ
United Polyfab Gujarat Limited,UNITEDPOLY
Kesoram Industries Limited,KESORAMIND
Spacenet Enterprises India Limited,SPCENET
Nath Bio-Genes (India) Limited,NATHBIOGEN
Indo Us Biotech Limited,INDOUS
Sakuma Exports Limited,SAKUMA
Dynemic Products Limited,DYNPRO
Emami Realty Limited,EMAMIREAL
Pavna Industries Limited,PAVNAIND
3i Infotech Limited,3IINFOLTD
TRF Limited,TRF
Industrial Investment Trust Limited,IITL
Modi Rubber Limited,MODIRUBBER
Spencer's Retail Limited,SPENCERS
Kanoria Chemicals & Industries Limited,KANORICHEM
Cineline India Limited,CINELINE
Globe Civil Projects Limited,GLOBECIVIL
Shradha Realty Limited,SHRADHA
PPAP Automotive Limited,PPAP
Akme Fintrade (India) Limited,AFIL
TRANSWORLD SHIPPING LINES LIMITED,TRANSWORLD
Coastal Corporation Limited,COASTCORP
Music Broadcast Limited,RADIOCITY
Valiant Laboratories Limited,VALIANTLAB
Halder Venture Limited,HALDER
Bartronics India Limited,ASMS
Brand Concepts Limited,BCONCEPTS
Axita Cotton Limited,AXITA
DJ Mediaprint & Logistics Limited,DJML
A2Z Infra Engineering Limited,A2ZINFRA
Nila Infrastructures Limited,NILAINFRA
Mawana Sugars Limited,MAWANASUG
DELPHI WORLD MONEY LIMITED,DELPHIFX
Atal Realtech Limited,ATALREAL
Tiger Logistics (India) Limited,TIGERLOGS
Apollo Sindoori Hotels Limited,APOLSINHOT
Ruchira Papers Limited,RUCHIRA
Genus Paper & Boards Limited,GENUSPAPER
Goa Carbon Limited,GOACARBON
VARVEE GLOBAL LIMITED,VGL
ATLANTAA LIMITED,ATLANTAA
Mahindra EPC Irrigation Limited,MAHEPC
Ginni Filaments Limited,GINNIFILA
Sheetal Cool Products Limited,SCPL
HP Adhesives Limited,HPAL
Zim Laboratories Limited,ZIMLAB
Robust Hotels Limited,RHL
Aaron Industries Limited,AARON
IL&FS Engineering and Construction Company Limited,IL&FSENGG
B&B Triplewall Containers Limited,BBTCL
Inspirisys Solutions Limited,INSPIRISYS
Autoline Industries Limited,AUTOIND
Parsvnath Developers Limited,PARSVNATH
Deepak Builders & Engineers India Limited,DBEIL
Global Surfaces Limited,GSLSU
Harrisons Malayalam Limited,HARRMALAYA
Cybertech Systems And Software Limited,CYBERTECH
Kriti Nutrients Limited,KRITINUT
Mangal Credit and Fincorp Limited,MANCREDIT
Mangalam Organics Limited,MANORG
Lords Chloro Alkali Limited,LORDSCHLO
Markolines Pavement Technologies Limited,MARKOLINES
United Drilling Tools Limited,UNIDT
Rubfila International Limited,RUBFILA
Mangalam Global Enterprise Limited,MGEL
Aarti Surfactants Limited,AARTISURF
Tracxn Technologies Limited,TRACXN
Nupur Recyclers Limited,NRL
Exxaro Tiles Limited,EXXARO
Soma Textiles & Industries Limited,SOMATEX
Bella Casa Fashion & Retail Limited,BELLACASA
Zodiac Energy Limited,ZODIAC
Career Point Edutech Limited,CPEDU
De Nora India Limited,DENORA
Medico Remedies Limited,MEDICO
Lokesh Machines Limited,LOKESHMACH
S&S Power Switchgears Limited,S&SPOWER
Anjani Portland Cement Limited,APCL
Manaksia Steels Limited,MANAKSTEEL
Shiv Aum Steels Limited,SHIVAUM
Muthoot Capital Services Limited,MUTHOOTCAP
Softtech Engineers Limited,SOFTTECH
R.P.P. Infra Projects Limited,RPPINFRA
Plastiblends India Limited,PLASTIBLEN
Mold-Tek Technologies Limited,MOLDTECH
Nandan Denim Limited,NDL
Vinyl Chemicals (India) Limited,VINYLINDIA
Modi Naturals Limited,MODINATUR
Vardhman Polytex Limited,VARDMNPOLY
NDL Ventures Limited,NDLVENTURE
Dev Accelerator Limited,DEVX
Remsons Industries Limited,REMSONSIND
Manaksia Limited,MANAKSIA
Amanta Healthcare Limited,AMANTA
Radiant Cash Management Services Limited,RADIANTCMS
Chembond Chemicals Limited,CHEMBONDCH
Banswara Syntex Limited,BANSWRAS
Mazda Limited,MAZDA
HALEOS LABS LIMITED,HALEOSLABS
Orient Paper & Industries Limited,ORIENTPPR
Highway Infrastructure Limited,HILINFRA
Gokul Refoils and Solvent Limited,GOKUL
Nahar Capital and Financial Services Limited,NAHARCAP
Sinclairs Hotels Limited,SINCLAIR
MBL Infrastructure Limited,MBLINFRA
Euro Panel Products Limited,EUROBOND
Kothari Products Limited,KOTHARIPRO
Manomay Tex India Limited,MANOMAY
Albert David Limited,ALBERTDAVD
Nandani Creation Limited,JAIPURKURT
PAKKA LIMITED,PAKKA
Suraj Limited,SURAJLTD
Vertoz Limited,VERTOZ
Dc Infotech And Communication Limited,DCI
Liberty Shoes Limited,LIBERTSHOE
The Ugar Sugar Works Limited,UGARSUGAR
Medicamen Biotech Limited,MEDICAMEQ
Kriti Industries (India) Limited,KRITI
Avonmore Capital & Management Services Limited,AVONMORE
Kanpur Plastipack Limited,KANPRPLA
Indogulf Cropsciences Limited,IGCL
Nahar Industrial Enterprises Limited,NAHARINDUS
SRG Housing Finance Limited,SRGHFL
Vraj Iron and Steel Limited,VRAJ
Twamev Construction and Infrastructure Limited,TICL
Moneyboxx Finance Limited,MONEYBOXX
Aries Agro Limited,ARIES
Foods & Inns Limited,FOODSIN
HCL Infosystems Limited,HCL-INSYS
Bedmutha Industries Limited,BEDMUTHA
Mcleod Russel India Limited,MCLEODRUSS
Sigma Solve Limited,SIGMA
Shah Metacorp Limited,SHAH
Dreamfolks Services Limited,DREAMFOLKS
TREJHARA SOLUTIONS LIMITED,TREJHARA
Focus Lighting and Fixtures Limited,FOCUS
Tolins Tyres Limited,TOLINS
GVK Power & Infrastructure Limited,GVKPIL
Birla Cable Limited,BIRLACABLE
Orbit Exports Limited,ORBTEXP
Orient Bell Limited,ORIENTBELL
MODISON LIMITED,MODISONLTD
DiGiSPICE Technologies Limited,DIGISPICE
Tera Software Limited,TERASOFT
Kronox Lab Sciences Limited,KRONOX
KN Agri Resources Limited,KNAGRI
OCCL Limited,OCCLLTD
Donear Industries Limited,DONEAR
Thomas Scott (India) Limited,THOMASCOTT
Primo Chemicals Limited,PRIMO
Tirupati Forge Limited,TIRUPATIFL
Shivalik Rasayan Limited,SHIVALIK
Rama Phosphates Limited,RAMAPHO
ORIENT CERATECH LIMITED,ORIENTCER
SIL Investments Limited,SILINV
Shalimar Paints Limited,SHALPAINTS
Sarveshwar Foods Limited,SARVESHWAR
Welspun Investments and Commercials Limited,WELINV
DCM Shriram Industries Limited,DCMSRIND
Sreeleathers Limited,SREEL
Universus Photo Imagings Limited,UNIVPHOTO
Pasupati Acrylon Limited,PASUPTAC
Mirza International Limited,MIRZAINT
Tara Chand InfraLogistic Solutions Limited,TARACHAND
Bhagyanagar India Limited,BHAGYANGR
DIC India Limited,DICIND
Gujarat Apollo Industries Limited,GUJAPOLLO
Urja Global Limited,URJA
Speciality Restaurants Limited,SPECIALITY
Laxmi India Finance Limited,LAXMIINDIA
Kaya Limited,KAYA
Visa Steel Limited,VISASTEEL
Prakash Pipes Limited,PPL
RBZ Jewellers Limited,RBZJEWEL
Entertainment Network (India) Limited,ENIL
R K Swamy Limited,RKSWAMY
GFL Limited,GFLLIMITED
Subex Limited,SUBEXLTD
Advani Hotels & Resorts (India) Limited,ADVANIHOTR
The Investment Trust Of India Limited,THEINVEST
Aptech Limited,APTECHT
HT Media Limited,HTMEDIA
International Conveyors Limited,INTLCONV
PTL Enterprises Limited,PTL
Andhra Cements Limited,ACL
Emami Paper Mills Limited,EMAMIPAP
Munjal Showa Limited,MUNJALSHOW
Sutlej Textiles and Industries Limited,SUTLEJTEX
Sical Logistics Limited,SICALLOG
Suratwwala Business Group Limited,SBGLP
IRIS RegTech Solutions Limited,IRIS
Hindustan Media Ventures Limited,HMVL
Rushil Decor Limited,RUSHIL
Xtglobal Infotech Limited,XTGLOBAL
Global Education Limited,GLOBAL
Shree Rama Newsprint Limited,RAMANEWS
TPL Plastech Limited,TPLPLASTEH
HLV LIMITED,HLVLTD
Pansari Developers Limited,PANSARI
Visaka Industries Limited,VISAKAIND
Zee Media Corporation Limited,ZEEMEDIA
Dish TV India Limited,DISHTV
Essar Shipping Limited,ESSARSHPNG
BMW Ventures Limited,BMWVENTLTD
Pyramid Technoplast Limited,PYRAMID
Globe International Carriers Limited,GICL
S Chand And Company Limited,SCHAND
Jayant Agro Organics Limited,JAYAGROGN
OnMobile Global Limited,ONMOBILE
Chemfab Alkalis Limited,CHEMFAB
South West Pinnacle Exploration Limited,SOUTHWEST
Precot Limited,PRECOT
Panache Digilife Limited,PANACHE
Premier Polyfilm Limited,PREMIERPOL
Vishnu Prakash R Punglia Limited,VPRPL
Khaitan Chemicals & Fertilizers Limited,KHAICHEM
Kamat Hotels (I) Limited,KAMATHOTEL
Nila Spaces Limited,NILASPACES
DMCC SPECIALITY CHEMICALS LIMITED,DMCC
W S Industries (I) Limited,WSI
N. B. I. Industrial Finance Company Limited,NBIFIN
Credo Brands Marketing Limited,MUFTI
Kilitch Drugs (India) Limited,KILITCH
Repro India Limited,REPRO
Anlon Healthcare Limited,AHCL
Best Agrolife Limited,BESTAGRO
Sadhana Nitrochem Limited,SADHNANIQ
Gaudium IVF and Women Health Limited,GAUDIUMIVF
Euro India Fresh Foods Limited,EIFFL
Davangere Sugar Company Limited,DAVANGERE
Likhitha Infrastructure Limited,LIKHITHA
Ganesh Benzoplast Limited,GANESHBE
Bodal Chemicals Limited,BODALCHEM
Transindia Real Estate Limited,TREL
Patel Retail Limited,PATELRMART
Kirloskar Electric Company Limited,KECL
Dhunseri Investments Limited,DHUNINV
CSL Finance Limited,CSLFINANCE
The Ruby Mills Limited,RUBYMILLS
GeeCee Ventures Limited,GEECEE
Chemcon Speciality Chemicals Limited,CHEMCON
NINtec Systems Limited,NINSYS
Nahar Poly Films Limited,NAHARPOLY
Peninsula Land Limited,PENINLAND
Cheviot Company Limited,CHEVIOT
Hindustan Composites Limited,HINDCOMPOS
Arrow Greentech Limited,ARROWGREEN
Everest Industries Limited,EVERESTIND
Onward Technologies Limited,ONWARDTEC
Manba Finance Limited,MANBA
Gloster Limited,GLOSTERLTD
Emkay Global Financial Services Limited,EMKAY
Ritco Logistics Limited,RITCO
20 Microns Limited,20MICRONS
Concord Enviro Systems Limited,CEWATER
Commercial Syn Bags Limited,COMSYN
Take Solutions Limited,TAKE
Iris Clothings Limited,IRISDOREME
MMP Industries Limited,MMP
Modis Navnirman Limited,MODIS
Oswal Agro Mills Limited,OSWALAGRO
Kopran Limited,KOPRAN
Coffee Day Enterprises Limited,COFFEEDAY
Elin Electronics Limited,ELIN
Sejal Glass Limited,SEJALLTD
Shree Vasu Logistics Limited,SVLL
Magadh Sugar & Energy Limited,MAGADSUGAR
Valiant Organics Limited,VALIANTORG
Kamdhenu Limited,KAMDHENU
Mangal Electrical Industries Limited,MEIL
Menon Bearings Limited,MENONBE
Linc Limited,LINC
Indo Farm Equipment Limited,INDOFARM
Snowman Logistics Limited,SNOWMAN
GTPL Hathway Limited,GTPL
Satia Industries Limited,SATIA
Fabtech Technologies Limited,FABTECH
Mindteck (India) Limited,MINDTECK
Denta Water and Infra Solutions Limited,DENTA
Allied Digital Services Limited,ADSL
Allcargo Terminals Limited,ATL
Dhampur Bio Organics Limited,DBOL
Sukhjit Starch & Chemicals Limited,SUKHJITS
Popular Vehicles and Services Limited,PVSL
Mukka Proteins Limited,MUKKA
Bhageria Industries Limited,BHAGERIA
Kothari Petrochemicals Limited,KOTHARIPET
S.A.L. Steel Limited,SALSTEEL
The State Trading Corporation of India Limited,STCINDIA
Dwarikesh Sugar Industries Limited,DWARKESH
TVS Electronics Limited,TVSELECT
Oswal Greentech Limited,OSWALGREEN
Jaiprakash Associates Limited,JPASSOCIAT
Sarla Performance Fibers Limited,SARLAPOLY
Vakrangee Limited,VAKRANGEE
RSWM Limited,RSWM
PVP Ventures Limited,PVP
Ganesh Consumer Products Limited,GANESHCP
Consolidated Construction Consortium Limited,CCCL
Ksolves India Limited,KSOLVES
Mallcom (India) Limited,MALLCOM
Shree Rama Multi-Tech Limited,SHREERAMA
Xchanging Solutions Limited,XCHANGING
Aditya Birla Money Limited,BIRLAMONEY
GHCL Textiles Limited,GHCLTEXTIL
Saurashtra Cement Limited,SAURASHCEM
Nahar Spinning Mills Limited,NAHARSPING
Uniphos Enterprises Limited,UNIENTER
Automotive Stampings and Assemblies Limited,ASAL
The Sandesh Limited,SANDESH
TV Today Network Limited,TVTODAY
Regaal Resources Limited,REGAAL
Avadh Sugar & Energy Limited,AVADHSUGAR
Uttam Sugar Mills Limited,UTTAMSUGAR
Fairchem Organics Limited,FAIRCHEMOR
Consolidated Finvest & Holdings Limited,CONSOFINVT
Bluspring Enterprises Limited,BLUSPRING
Bigbloc Construction Limited,BIGBLOC
Prozone Realty Limited,PROZONER
Anuh Pharma Limited,ANUHPHR
Manoj Vaibhav Gems N Jewellers Limited,MVGJL
Ambika Cotton Mills Limited,AMBIKCO
Indo Amines Limited,INDOAMIN
Radhika Jeweltech Limited,RADHIKAJWE
Kuantum Papers Limited,KUANTUM
BEML Land Assets Limited,BLAL
N R Agarwal Industries Limited,NRAIL
ZUARI INDUSTRIES LIMITED,ZUARIIND
Swelect Energy Systems Limited,SWELECTES
Indo Borax & Chemicals Limited,INDOBORAX
Pudumjee Paper Products Limited,PDMJEPAPER
Sigachi Industries Limited,SIGACHI
Themis Medicare Limited,THEMISMED
VLS Finance Limited,VLSFINANCE
Advance Agrolife Limited,ADVANCE
Sudarshan Colorants India Limited,SUDARCOLOR
Indef Manufacturing Limited,BAJAJINDEF
Max India Limited,MAXIND
Mangalam Worldwide Limited,MWL
Sree Rayalaseema Hi-Strength Hypo Limited,SRHHYPOLTD
Dharmaj Crop Guard Limited,DHARMAJ
Sterling Tools Limited,STERTOOLS
IFB Agro Industries Limited,IFBAGRO
Supreme Infrastructure India Limited,SUPREMEINF
Dhampur Sugar Mills Limited,DHAMPURSUG
Maan Aluminium Limited,MAANALU
Synergy Green Industries Limited,SGIL
OM INFRA LIMITED,OMINFRAL
Tembo Global Industries Limited,TEMBO
Kokuyo Camlin Limited,KOKUYOCMLN
Munjal Auto Industries Limited,MUNJALAU
Agarwal Industrial Corporation Limited,AGARIND
Scoda Tubes Limited,SCODATUBES
Suyog Telematics Limited,SUYOG
GIC Housing Finance Limited,GICHSGFIN
Heranba Industries Limited,HERANBA
Kapston Services Limited,KAPSTON
Krishival Foods Limited,KRISHIVAL
Bcl Industries Limited,BCLIND
Innovana Thinklabs Limited,INNOVANA
Hardwyn India Limited,HARDWYN
Tamilnadu PetroProducts Limited,TNPETRO
NCL Industries Limited,NCLIND
Dhunseri Ventures Limited,DVL
Prostarm Info Systems Limited,PROSTARM
Amines & Plasticizers Limited,AMNPLST
Matrimony.Com Limited,MATRIMONY
Vascon Engineers Limited,VASCONEQ
SKM Egg Products Export (India) Limited,SKMEGGPROD
Krystal Integrated Services Limited,KRYSTAL
Gretex Corporate Services Limited,GCSL
A B Cotspin India Limited,ABCOTS
Hexa Tradex Limited,HEXATRADEX
Arihant Capital Markets Limited,ARIHANTCAP
Aeroflex Enterprises Limited,AEROENTER
Eldeco Housing And Industries Limited,ELDEHSG
Gujarat Kidney And Super Speciality Limited,GKSL
Venus Remedies Limited,VENUSREM
Sastasundar Ventures Limited,SASTASUNDR
MIC Electronics Limited,MICEL
New Delhi Television Limited,NDTV
Quick Heal Technologies Limited,QUICKHEAL
Electrotherm (India) Limited,ELECTHERM
Kabra Extrusion Technik Limited,KABRAEXTRU
Eimco Elecon (India) Limited,EIMCOELECO
Stel Holdings Limited,STEL
Arisinfra Solutions Limited,ARIS
DPSC Limited,DPSCLTD
United Foodbrands Limited,UFBL
Borosil Scientific Limited,BOROSCI
Ecos (India) Mobility & Hospitality Limited,ECOSMOBLTY
Indo Rama Synthetics (India) Limited,INDORAMA
Oriental Aromatics Limited,OAL
Wanbury Limited,WANBURY
Stanley Lifestyles Limited,STANLEY
Prime Securities Limited,PRIMESECU
Solex Energy Limited,SOLEX
Zuari Agro Chemicals Limited,ZUARI
Dhanlaxmi Bank Limited,DHANBANK
Tamil Nadu Newsprint & Papers Limited,TNPL
Century Enka Limited,CENTENKA
Bombay Super Hybrid Seeds Limited,BSHSL
Gala Precision Engineering Limited,GALAPREC
Manali Petrochemicals Limited,MANALIPETC
SRM Contractors Limited,SRM
GRP Limited,GRPLTD
JITF Infralogistics Limited,JITFINFRA
NIIT Limited,NIITLTD
Excelsoft Technologies Limited,EXCELSOFT
Crest Ventures Limited,CREST
Jaro Institute of Technology Management and Research Limited,JARO
Tribhovandas Bhimji Zaveri Limited,TBZ
AVT Natural Products Limited,AVTNPL
5Paisa Capital Limited,5PAISA
Diffusion Engineers Limited,DIFFNKG
GKW Limited,GKWLIMITED
IRM Energy Limited,IRMENERGY
Macpower CNC Machines Limited,MACPOWER
Creative Newtech Limited,CNL
Viceroy Hotels Limited,VHLTD
Nelcast Limited,NELCAST
Royal Orchid Hotels Limited,ROHLTD
Gulshan Polyols Limited,GULPOLY
The Andhra Sugars Limited,ANDHRSUGAR
Wealth First Portfolio Managers Limited,WEALTH
STL Networks Limited,STLNETWORK
Tarsons Products Limited,TARSONS
Ratnaveer Precision Engineering Limited,RATNAVEER
Kellton Tech Solutions Limited,KELLTONTEC
Bhartiya International Limited,BIL
Abans Financial Services Limited,AFSL
Shree Pushkar Chemicals & Fertilisers Limited,SHREEPUSHK
STEEL EXCHANGE INDIA LIMITED,STEELXIND
Ester Industries Limited,ESTER
Deccan Cements Limited,DECCANCE
Gem Aromatics Limited,GEMAROMA
GPT Healthcare Limited,GPTHEALTH
Advent Hotels International Limited,ADVENTHTL
Systematix Corporate Services Limited,SYSTMTXC
Suraj Estate Developers Limited,SURAJEST
MIRC Electronics Limited,MIRCELECTR
Borana Weaves Limited,BORANA
Bajaj Healthcare Limited,BAJAJHCARE
Shree Digvijay Cement Co.Ltd,SHREDIGCEM
Confidence Petroleum India Limited,CONFIPET
Updater Services Limited,UDS
Control Print Limited,CONTROLPR
Gandhi Special Tubes Limited,GANDHITUBE
Dam Capital Advisors Limited,DAMCAPITAL
Vardhman Holdings Limited,VHL
Paramount Communications Limited,PARACABLES
Butterfly Gandhimathi Appliances Limited,BUTTERFLY
Laxmi Dental Limited,LAXMIDENTL
Reliance Industrial Infrastructure Limited,RIIL
Oricon Enterprises Limited,ORICONENT
Yuken India Limited,YUKEN
Roto Pumps Limited,ROTO
Mamata Machinery Limited,MAMATA
Beta Drugs Limited,BETA
Madras Fertilizers Limited,MADRASFERT
Master Trust Limited,MASTERTR
Finkurve Financial Services Limited,FINKURVE
IKIO Technologies Limited,IKIO
Sakar Healthcare Limited,SAKAR
Rajoo Engineers Limited,RAJOOENG
Centrum Capital Limited,CENTRUM
Le Merite Exports Limited,LEMERITE
Rupa & Company Limited,RUPA
IG Petrochemicals Limited,IGPL
Jagsonpal Pharmaceuticals Limited,JAGSNPHARM
Faze Three Limited,FAZE3Q
Paushak Limited,PAUSHAKLTD
BirlaNu Limited,BIRLANU
Igarashi Motors India Limited,IGARASHI
Vidya Wires Limited,VIDYAWIRES
IZMO Limited,IZMO
Hariom Pipe Industries Limited,HARIOMPIPE
Monte Carlo Fashions Limited,MONTECARLO
Arihant Superstructures Limited,ARIHANTSUP
Western Carriers (India) Limited,WCIL
Orient Green Power Company Limited,GREENPOWER
Jay Bharat Maruti Limited,JAYBARMARU
A B Infrabuild Limited,ABINFRA
Salzer Electronics Limited,SALZERELEC
B. L. Kashyap and Sons Limited,BLKASHYAP
Rama Steel Tubes Limited,RAMASTEEL
AYM Syntex Limited,AYMSYNTEX
Walchandnagar Industries Limited,WALCHANNAG
Expleo Solutions Limited,EXPLEOSOL
Capital India Finance Limited,CIFL
Dynacons Systems & Solutions Limited,DSSL
Quadrant Future Tek Limited,QUADFUTURE
Capital Small Finance Bank Limited,CAPITALSFB
Dr. Reddy's Laboratories Limited,DRREDDY
Bharat Seats Limited,BHARATSE
Excel Industries Limited,EXCELINDUS
Texmaco Infrastructure & Holdings Limited,TEXINFRA
Syncom Formulations (India) Limited,SYNCOMF
The Hi-Tech Gears Limited,HITECHGEAR
Unicommerce Esolutions Limited,UNIECOM
Platinum Industries Limited,PLATIND
Apex Frozen Foods Limited,APEX
Bharat Wire Ropes Limited,BHARATWIRE
Arfin India Limited,ARFIN
Alicon Castalloy Limited,ALICON
IFGL Refractories Limited,IFGLEXPOR
Vindhya Telelinks Limited,VINDHYATEL
Asian Hotels (North) Limited,ASIANHOTNR
One Point One Solutions Limited,ONEPOINT
Ivalue Infosolutions Limited,IVALUE
Manaksia Coated Metals & Industries Limited,MANAKCOAT
Jindal Poly Investment and Finance Company Limited,JPOLYINVST
Lincoln Pharmaceuticals Limited,LINCOLN
Mahamaya Steel Industries Limited,MAHASTEEL
Himatsingka Seide Limited,HIMATSEIDE
Alldigi Tech Limited,ALLDIGI
Genesys International Corporation Limited,GENESYS
Ind-Swift Laboratories Limited,INDSWFTLAB
Allcargo Logistics Limited,ALLCARGO
Everest Kanto Cylinder Limited,EKC
Kross Limited,KROSS
Renaissance Global Limited,RGL
Raj Rayon Industries Limited,RAJRILTD
Tinna Rubber and Infrastructure Limited,TINNARUBR
TTK Healthcare Limited,TTKHLTCARE
Jindal Drilling And Industries Limited,JINDRILL
Exicom Tele-Systems Limited,EXICOM
Precision Camshafts Limited,PRECAM
Ice Make Refrigeration Limited,ICEMAKE
HMA Agro Industries Limited,HMAAGRO
India Motor Parts and Accessories Limited,IMPAL
GOCL Corporation Limited,GOCLCORP
Jindal Photo Limited,JINDALPHOT
Asian Energy Services Limited,ASIANENE
Balaji Telefilms Limited,BALAJITELE
SPML Infra Limited,SPMLINFRA
Huhtamaki India Limited,HUHTAMAKI
Dolat Algotech Limited,DOLATALGO
Hester Biosciences Limited,HESTERBIO
JNK India Limited,JNKINDIA
BLS E-Services Limited,BLSE
Chaman Lal Setia Exports Limited,CLSEL
Meghmani Organics Limited,MOL
Den Networks Limited,DEN
Unitech Limited,UNITECH
Signpost India Limited,SIGNPOST
Shriram Properties Limited,SHRIRAMPPS
Orient Technologies Limited,ORIENTTECH
ANDHRA PAPER LIMITED,ANDHRAPAP
Gandhar Oil Refinery (India) Limited,GANDHAR
Jagran Prakashan Limited,JAGRAN
Wendt (India) Limited,WENDT
Atul Auto Limited,ATULAUTO
Salasar Techno Engineering Limited,SALASAR
Astec LifeSciences Limited,ASTEC
Suryoday Small Finance Bank Limited,SURYODAY
TIL Limited,TIL
ESAF Small Finance Bank Limited,ESAFSFB
DCW Limited,DCW
Antony Waste Handling Cell Limited,AWHCL
Dynamic Cables Limited,DYCL
GTL Infrastructure Limited,GTLINFRA
Laxmi Goldorna House Limited,LGHL
J.G.Chemicals Limited,JGCHEM
NELCO Limited,NELCO
Navkar Corporation Limited,NAVKARCORP
NGL Fine-Chem Limited,NGLFINE
Southern Petrochemicals Industries Corporation Limited,SPIC
Suraksha Diagnostic Limited,SURAKSHA
PNB Gilts Limited,PNBGILTS
SEPC Limited,SEPC
Sula Vineyards Limited,SULA
Indosolar Limited,WAAREEINDO
Sumeet Industries Limited,SUMEETINDS
Omaxe Limited,OMAXE
Punjab Chemicals & Crop Protection Limited,PUNJABCHEM
NIBE Limited,NIBE
Digitide Solutions Limited,DIGITIDE
Sportking India Limited,SPORTKING
Magellanic Cloud Limited,MCLOUD
Stallion India Fluorochemicals Limited,STALLION
Jyoti Structures Limited,JYOTISTRUC
Shanti Gold International Limited,SHANTIGOLD
D-Link (India) Limited,DLINKINDIA
Godavari Biorefineries Limited,GODAVARIB
BF Investment Limited,BFINVEST
All Time Plastics Limited,ALLTIME
Easy Trip Planners Limited,EASEMYTRIP
SBC Exports Limited,SBC
Associated Alcohols & Breweries Ltd.,ASALCBR
R&B Denims Limited,RNBDENIMS
Sanghi Industries Limited,SANGHIIND
One Mobikwik Systems Limited,MOBIKWIK
Motisons Jewellers Limited,MOTISONS
Vidhi Specialty Food Ingredients Limited,VIDHIING
Pashupati Cotspin Limited,PASHUPATI
Sanstar Limited,SANSTAR
GPT Infraprojects Limited,GPTINFRA
Apollo Pipes Limited,APOLLOPIPE
Talbros Automotive Components Limited,TALBROAUTO
Windlas Biotech Limited,WINDLAS
Simplex Infrastructures Limited,SIMPLEXINF
SMC Global Securities Limited,SMCGLOBAL
Fino Payments Bank Limited,FINOPB
EMS Limited,EMSLIMITED
Rishabh Instruments Limited,RISHABH
Krishna Defence And Allied Industries Limited,KRISHNADEF
Stove Kraft Limited,STOVEKRAFT
Dolphin Offshore Enterprises (India) Limited,DOLPHIN
Redtape Limited,REDTAPE
Delta Corp Limited,DELTACORP
Arman Financial Services Limited,ARMANFIN
Asian Granito India Limited,ASIANTILES
Garuda Construction and Engineering Limited,GARUDA
Shalby Limited,SHALBY
Go Fashion (India) Limited,GOCOLORS
RACL Geartech Limited,RACLGEAR
Dollar Industries Limited,DOLLAR
Sai Silks (Kalamandir) Limited,KALAMANDIR
Ramco Systems Limited,RAMCOSYS
Som Distilleries & Breweries Limited,SDBL
Indo Tech Transformers Limited,INDOTECH
Solarworld Energy Solutions Limited,SOLARWORLD
Somany Ceramics Limited,SOMANYCERA
Algoquant Fintech Limited,ALGOQUANT
M & B Engineering Limited,MBEL
Ugro Capital Limited,UGROCAP
Panama Petrochem Limited,PANAMAPET
Servotech Renewable Power System Limited,SERVOTECH
Satin Creditcare Network Limited,SATIN
Landmark Cars Limited,LANDMARK
Seshasayee Paper and Boards Limited,SESHAPAPER
Nitco Limited,NITCO
Rane Holdings Limited,RANEHOLDIN
Amrutanjan Health Care Limited,AMRUTANJAN
Hindustan Oil Exploration Company Limited,HINDOILEXP
Indian Hume Pipe Company Limited,INDIANHUME
Hinduja Global Solutions Limited,HGS
Veranda Learning Solutions Limited,VERANDA
Sasken Technologies Limited,SASKEN
R M Drip and Sprinklers Systems Limited,RMDRIP
Geojit Financial Services Limited,GEOJITFSL
Vikran Engineering Limited,VIKRAN
S. P. Apparels Limited,SPAL
Hi-Tech Pipes Limited,HITECH
Ideaforge Technology Limited,IDEAFORGE
Accelya Solutions India Limited,ACCELYA
Ndr Auto Components Limited,NDRAUTO
Rico Auto Industries Limited,RICOAUTO
Silver Touch Technologies Limited,SILVERTUC
GNA Axles Limited,GNA
MSP Steel & Power Limited,MSPL
India Pesticides Limited,IPL
Insecticides (India) Limited,INSECTICID
EPack Prefab Technologies Limited,EPACKPEB
Kernex Microsystems (India) Limited,KERNEX
Thejo Engineering Limited,THEJO
Saksoft Limited,SAKSOFT
Antelopus Selan Energy Limited,ANTELOPUS
Oriental Hotels Limited,ORIENTHOT
Summit Securities Limited,SUMMITSEC
Ador Welding Limited,ADOR
COSMO FIRST LIMITED,COSMOFIRST
Yasho Industries Limited,YASHO
Jaykay Enterprises Limited,JAYKAY
Yatra Online Limited,YATRA
Tasty Bite Eatables Limited,TASTYBITE
Advait Energy Transitions Limited,ADVAIT
Indoco Remedies Limited,INDOCO
Bajel Projects Limited,BAJEL
Hathway Cable & Datacom Limited,HATHWAY
India Nippon Electricals Limited,INDNIPPON
Mahanagar Telephone Nigam Limited,MTNL
Wonder Electricals Limited,WEL
Mukand Limited,MUKANDLTD
Hindware Home Innovation Limited,HINDWAREAP
Apcotex Industries Limited,APCOTEXIND
Venky's (India) Limited,VENKEYS
BF Utilities Limited,BFUTILITIE
Mold-Tek Packaging Limited,MOLDTKPAC
K.P. Energy Limited,KPEL
Filatex India Limited,FILATEX
Aurum PropTech Limited,AURUM
Jai Corp Limited,JAICORPLTD
Mufin Green Finance Limited,MUFIN
DCX Systems Limited,DCXINDIA
Pix Transmissions Limited,PIXTRANS
PTC India Financial Services Limited,PFS
InfoBeans Technologies Limited,INFOBEAN
EIH Associated Hotels Limited,EIHAHOTELS
Panacea Biotec Limited,PANACEABIO
Vimta Labs Limited,VIMTALABS
Pennar Industries Limited,PENIND
Bhansali Engineering Polymers Limited,BEPL
Spandana Sphoorty Financial Limited,SPANDANA
Solara Active Pharma Sciences Limited,SOLARA
KCP Limited,KCP
Teamlease Services Limited,TEAMLEASE
S H Kelkar and Company Limited,SHK
Studds Accessories Limited,STUDDS
Nilkamal Limited,NILKAMAL
DEE Development Engineers Limited,DEEDEV
Krsnaa Diagnostics Limited,KRSNAA
Capacit'e Infraprojects Limited,CAPACITE
Uniparts India Limited,UNIPARTS
Bajaj Hindusthan Sugar Limited,BAJAJHIND
Ganesha Ecosphere Limited,GANECOS
Rhetan TMT Limited,RHETAN
Nucleus Software Exports Limited,NUCLEUS
Arkade Developers Limited,ARKADE
Awfis Space Solutions Limited,AWFIS
TCI Express Limited,TCIEXP
Rajratan Global Wire Limited,RAJRATAN
Angel One Limited,ANGELONE
Xpro India Limited,XPROINDIA
Vintage Coffee And Beverages Limited,VINCOFE
Nitin Spinners Limited,NITINSPIN
Shipping Corporation of India Land and Assets Limited,SCILAL
ADF Foods Limited,ADFFOODS
IOL Chemicals and Pharmaceuticals Limited,IOLCP
Honda India Power Products Limited,HONDAPOWER
SG Finserve Limited,SGFIN
Brightcom Group Limited,BCG
HPL Electric & Power Limited,HPL
Kalyani Investment Company Limited,KICL
Gujarat Industries Power Company Limited,GIPCL
Wheels India Limited,WHEELS
Deep Industries Limited,DEEPINDS
Monarch Networth Capital Limited,MONARCH
Windsor Machines Limited,WINDMACHIN
MM Forgings Limited,MMFL
Cantabil Retail India Limited,CANTABIL
Taj GVK Hotels & Resorts Limited,TAJGVK
Divgi Torqtransfer Systems Limited,DIVGIITTS
Bliss GVS Pharma Limited,BLISSGVS
RPSG VENTURES LIMITED,RPSGVENT
Shringar House of Mangalsutra Limited,SHRINGARMS
Baazar Style Retail Limited,STYLEBAAZA
Federal-Mogul Goetze (India) Limited.,FMGOETZE
Sanghvi Movers Limited,SANGHVIMOV
Venus Pipes & Tubes Limited,VENUSPIPES
GK Energy Limited,GKENERGY
HLE Glascoat Limited,HLEGLAS
GM Breweries Limited,GMBREW
Spectrum Electrical Industries Limited,SPECTRUM
Wipro Limited,WIPRO
La Opala RG Limited,LAOPALA
Thirumalai Chemicals Limited,TIRUMALCHM
Brigade Hotel Ventures Limited,BRIGHOTEL
Sangam (India) Limited,SANGAMIND
Mayur Uniquoters Ltd,MAYURUNIQ
BGR Energy Systems Limited,BGRENERGY
Rane (Madras) Limited,RML
Indiabulls Limited,IBULLSLTD
Bombay Dyeing & Mfg Company Limited,BOMDYEING
Prakash Industries Limited,PRAKASH
Alembic Limited,ALEMBICLTD
Steelcast Limited,STEELCAS
Veedol Corporation Limited,VEEDOL
Websol Energy System Limited,WEBELSOLAR
Repco Home Finance Limited,REPCOHOME
EPACK Durable Limited,EPACK
Ujaas Energy Limited,UEL
Prabha Energy Limited,PRABHA
Morepen Laboratories Limited,MOREPENLAB
Protean eGov Technologies Limited,PROTEAN
Eveready Industries India Limited,EVEREADY
Universal Cables Limited,UNIVCABLES
Siyaram Silk Mills Limited,SIYSIL
NOCIL Limited,NOCIL
TCPL Packaging Limited,TCPLPACK
Hikal Limited,HIKAL
Imagicaaworld Entertainment Limited,IMAGICAA
Network People Services Technologies Limited,NPST
Rashi Peripherals Limited,RPTECH
Sundrop Brands Limited,SUNDROP
Hind Rectifiers Limited,HIRECT
Dalmia Bharat Sugar and Industries Limited,DALMIASUG
Standard Engineering Technology Limited,SETL
Unichem Laboratories Limited,UNICHEMLAB
Utkarsh Small Finance Bank Limited,UTKARSHBNK
The Orissa Minerals Development Company Limited,ORISSAMINE
Jindal Worldwide Limited,JINDWORLD
Vardhman Special Steels Limited,VSSL
Cyient DLM Limited,CYIENTDLM
Fischer Medical Ventures Limited,FISCHER
JTL INDUSTRIES LIMITED,JTLIND
Mangalam Cement Limited,MANGLMCEM
Arvind SmartSpaces Limited,ARVSMART
Jash Engineering Limited,JASH
Bharat Rasayan Limited,BHARATRAS
Sagar Cements Limited,SAGCEM
Ramco Industries Limited,RAMCOIND
KSH International Limited,KSHINTL
Ajmera Realty & Infra India Limited,AJMERA
Greenpanel Industries Limited,GREENPANEL
Parag Milk Foods Limited,PARAGMILK
CARYSIL LIMITED,CARYSIL
MPS Limited,MPSLTD
Jain Irrigation Systems Limited,JISLDVREQS
Jain Irrigation Systems Limited,JISLJALEQS
Euro Pratik Sales Limited,EUROPRATIK
Shivalik Bimetal Controls Limited,SBCL
Prataap Snacks Limited,DIAMONDYD
Globus Spirits Limited,GLOBUSSPR
Sirca Paints India Limited,SIRCA
Savita Oil Technologies Limited,SOTL
Ravindra Energy Limited,RELTD
Patel Engineering Limited,PATELENG
Bhagiradha Chemicals & Industries Limited,BHAGCHEM
NRB Bearing Limited,NRBBEARING
Raymond Limited,RAYMOND
Polyplex Corporation Limited,POLYPLEX
Dredging Corporation of India Limited,DREDGECORP
Marine Electricals (India) Limited,MARINE
Apeejay Surrendra Park Hotels Limited,PARKHOTELS
Jindal Poly Films Limited,JINDALPOLY
Lux Industries Limited,LUXIND
Kiri Industries Limited,KIRIINDUS
Rossell Techsys Limited,ROSSTECH
Dishman Carbogen Amcis Limited,DCAL
D. P. Abhushan Limited,DPABHUSHAN
Rossari Biotech Limited,ROSSARI
Fineotex Chemical Limited,FCL
Greenply Industries Limited,GREENPLY
Medi Assist Healthcare Services Limited,MEDIASSIST
Bharat Bijlee Limited,BBL
Enviro Infra Engineers Limited,EIEL
63 moons technologies limited,63MOONS
Jubilant Agri and Consumer Products Limited,JUBLCPL
West Coast Paper Mills Limited,WSTCSTPAPR
Prince Pipes And Fittings Limited,PRINCEPIPE
Gufic Biosciences Limited,GUFICBIO
Raymond Realty Limited,RAYMONDREL
Ddev Plastiks Industries Limited,DDEVPLSTIK
Borosil Limited,BOROLTD
Pokarna Limited,POKARNA
SIGMA ADVANCED SYSTEMS LIMITED,SIGMAADV
Muthoot Microfin Limited,MUTHOOTMF
Camlin Fine Sciences Limited,CAMLINFINE
Share India Securities Limited,SHAREINDIA
PSP Projects Limited,PSPPROJECT
Tatva Chintan Pharma Chem Limited,TATVA
Premier Explosives Limited,PREMEXPLN
Aye Finance Limited,AYE
Marathon Nextgen Realty Limited,MARATHON
Quess Corp Limited,QUESS
Maithan Alloys Limited,MAITHANALL
Gateway Distriparks Limited,GATEWAY
Heritage Foods Limited,HERITGFOOD
Sambhv Steel Tubes Limited,SAMBHV
Carraro India Limited,CARRARO
Kirloskar Industries Limited,KIRLOSIND
KDDL Limited,KDDL
Krishana Phoschem Limited,KRISHANA
Ram Ratna Wires Limited,RAMRAT
TVS Srichakra Limited,TVSSRICHAK
Refex Industries Limited,REFEX
Wonderla Holidays Limited,WONDERLA
Fusion Finance Limited,FUSION
Aqylon Nexus Limited,AQYLON
Hubtown Limited,HUBTOWN
Nalwa Sons Investments Limited,NSIL
Sandhar Technologies Limited,SANDHAR
EFC (I) Limited,EFCIL
Zaggle Prepaid Ocean Services Limited,ZAGGLE
Automotive Axles Limited,AUTOAXLES
Aeroflex Industries Limited,AEROFLEX
RPG Life Sciences Limited,RPGLIFE
Balmer Lawrie & Company Limited,BALMLAWRIE
NACL Industries Limited,NACLIND
Kewal Kiran Clothing Limited,KKCL
Sundaram Clayton Limited,SUNCLAY
Orchid Pharma Limited,ORCHPHARMA
Kolte - Patil Developers Limited,KOLTEPATIL
The Anup Engineering Limited,ANUP
Interarch Building Solutions Limited,INTERARCH
Anand Rathi Share and Stock Brokers Limited,ARSSBL
Orient Cement Limited,ORIENTCEM
GE Power India Limited,GVPIL
ROUTE MOBILE LIMITED,ROUTE
Flair Writing Industries Limited,FLAIR
Ramky Infrastructure Limited,RAMKY
Mstc Limited,MSTCLTD
Paisalo Digital Limited,PAISALO
Cigniti Technologies Limited,CIGNITITEC
Ellenbarrie Industrial Gases Limited,ELLEN
Raghav Productivity Enhancers Limited,RPEL
Ashiana Housing Limited,ASHIANA
Kalyani Steels Limited,KSL
Navneet Education Limited,NAVNETEDUL
Tourism Finance Corporation of India Limited,TFCILTD
Gujarat Themis Biosyn Limited,GUJTHEM
Tata Investment Corporation Limited,TATAINVEST
Harsha Engineers International Limited,HARSHA
Seamec Limited,SEAMECLTD
Indo Thai Securities Limited,INDOTHAI
Shoppers Stop Limited,SHOPERSTOP
Pitti Engineering Limited,PITTIENG
Suven Life Sciences Limited,SUVEN
GRM Overseas Limited,GRMOVER
Aarti Drugs Limited,AARTIDRUGS
Styrenix Performance Materials Limited,STYRENIX
Vishnu Chemicals Limited,VISHNU
Steel Strips Wheels Limited,SSWL
R Systems International Limited,RSYSTEMS
Advanced Enzyme Technologies Limited,ADVENZYMES
Sanathan Textiles Limited,SANATHAN
TruAlt Bioenergy Limited,TRUALT
Shanthi Gears Limited,SHANTIGEAR
Man Industries (India) Limited,MANINDS
AGI Greenpac Limited,AGI
UFLEX Limited,UFLEX
Pondy Oxides & Chemicals Limited,POCL
Laxmi Organic Industries Limited,LXCHEM
Gujarat Alkalies and Chemicals Limited,GUJALKALI
Senores Pharmaceuticals Limited,SENORES
Balaji Amines Limited,BALAMINES
Vadilal Industries Limited,VADILALIND
H.G. Infra Engineering Limited,HGINFRA
Greaves Cotton Limited,GREAVESCOT
Oswal Pumps Limited,OSWALPUMPS
Rolex Rings Limited,ROLEXRINGS
SMS Pharmaceuticals Limited,SMSPHARMA
Samhi Hotels Limited,SAMHI
eMudhra Limited,EMUDHRA
IndoStar Capital Finance Limited,INDOSTAR
Kitex Garments Limited,KITEX
Indiqube Spaces Limited,INDIQUBE
Ashoka Buildcon Limited,ASHOKA
Optiemus Infracom Limited,OPTIEMUS
Indraprastha Medical Corporation Limited,INDRAMEDCO
Reliance Infrastructure Limited,RELINFRA
Gopal Snacks Limited,GOPAL
Restaurant Brands Asia Limited,RBA
Pace Digitek Limited,PACEDIGITK
HeidelbergCement India Limited,HEIDELBERG
KNR Constructions Limited,KNRCON
Agi Infra Limited,AGIIL
Moschip Technologies Limited,MOSCHIP
Artemis Medicare Services Limited,ARTEMISMED
Stylam Industries Limited,STYLAMIND
BOSCH HOME COMFORT INDIA LIMITED,BOSCH-HCIL
National Fertilizers Limited,NFL
Vaibhav Global Limited,VAIBHAVGBL
Avantel Limited,AVANTEL
Innova Captab Limited,INNOVACAP
Chemplast Sanmar Limited,CHEMPLASTS
Epigral Limited,EPIGRAL
Electronics Mart India Limited,EMIL
Neogen Chemicals Limited,NEOGEN
Jana Small Finance Bank Limited,JSFB
Knowledge Marine & Engineering Works Limited,KMEW
Seshaasai Technologies Limited,STYL
Kaveri Seed Company Limited,KSCL
Sindhu Trade Links Limited,SINDHUTRAD
Centum Electronics Limited,CENTUM
Orient Electric Limited,ORIENTELEC
Goodluck India Limited,GOODLUCK
VST Industries Limited,VSTIND
Goldiam International Limited,GOLDIAM
J.Kumar Infraprojects Limited,JKIL
Jtekt India Limited,JTEKTINDIA
RattanIndia Enterprises Limited,RTNINDIA
D.B.Corp Limited,DBCORP
Foseco India Limited,FOSECOIND
Hemisphere Properties India Limited,HEMIPROP
Crizac Limited,CRIZAC
Northern Arc Capital Limited,NORTHARC
Capillary Technologies India Limited,CAPILLARY
Madhya Bharat Agro Products Limited,MBAPL
Mahindra Logistics Limited,MAHLOG
Bansal Wire Industries Limited,BANSALWIRE
Sun Pharma Advanced Research Company Limited,SPARC
Skipper Limited,SKIPPER
Zota Health Care LImited,ZOTA
GMM Pfaudler Limited,GMMPFAUDLR
Bajaj Electricals Limited,BAJAJELEC
Rajesh Exports Limited,RAJESHEXPO
Electrosteel Castings Limited,ELECTCAST
Texmaco Rail & Engineering Limited,TEXRAIL
Man Infraconstruction Limited,MANINFRA
PDS Limited,PDSL
SIS LIMITED,SIS
TARC Limited,TARC
Swaraj Engines Limited,SWARAJENG
V-Mart Retail Limited,VMART
GNG Electronics Limited,EBGNG
GHCL Limited,GHCL
RattanIndia Power Limited,RTNPOWER
IFB Industries Limited,IFBIND
Unimech Aerospace and Manufacturing Limited,UNIMECH
Sunflag Iron And Steel Company Limited,SUNFLAG
Indigo Paints Limited,INDIGOPNTS
Entero Healthcare Solutions Limited,ENTERO
ION Exchange (India) Limited,IONEXCHANG
India Tourism Development Corporation Limited,ITDC
Bannari Amman Sugars Limited,BANARISUG
Datamatics Global Services Limited,DATAMATICS
Hindustan Construction Company Limited,HCC
Dhanuka Agritech Limited,DHANUKA
NIIT Learning Systems Limited,NIITMTS
Shilchar Technologies Limited,SHILCTECH
Sterling and Wilson Renewable Energy Limited,SWSOLAR
Responsive Industries Limited,RESPONIND
Saatvik Green Energy Limited,SAATVIKGL
Midwest Limited,MIDWESTLTD
Gokaldas Exports Limited,GOKEX
Just Dial Limited,JUSTDIAL
Puravankara Limited,PURVA
Transformers And Rectifiers (India) Limited,TARIL
Thomas Cook (India) Limited,THOMASCOOK
CARE Ratings Limited,CARERATING
Aurionpro Solutions Limited,AURIONPRO
VRL Logistics Limited,VRLLOG
Smartworks Coworking Spaces Limited,SMARTWORKS
Juniper Hotels Limited,JUNIPER
Surya Roshni Limited,SURYAROSNI
Fedbank Financial Services Limited,FEDFINA
Mastek Limited,MASTEK
PTC India Limited,PTC
Ceigall India Limited,CEIGALL
V.S.T Tillers Tractors Limited,VSTTILLERS
Rain Industries Limited,RAIN
Gokul Agro Resources Limited,GOKULAGRO
CMS Info Systems Limited,CMSINFO
Canara Robeco Asset Management Company Limited,CRAMC
Ashapura Minechem Limited,ASHAPURMIN
VIP Industries Limited,VIPIND
TVS Supply Chain Solutions Limited,TVSSCS
Pilani Investment and Industries Corporation Limited,PILANIINVS
Paras Defence and Space Technologies Limited,PARAS
Bajaj Consumer Care Limited,BAJAJCON
Ahluwalia Contracts (India) Limited,AHLUCONT
Technocraft Industries (India) Limited,TIIL
Subros Limited,SUBROS
Network18 Media & Investments Limited,NETWORK18
E2E Networks Limited,E2E
Shree Renuka Sugars Limited,RENUKA
Senco Gold Limited,SENCO
Indo Count Industries Limited,ICIL
Supriya Lifescience Limited,SUPRIYA
Keystone Realtors Limited,RUSTOMJEE
PNC Infratech Limited,PNCINFRA
ICRA Limited,ICRA
Sharda Motor Industries Limited,SHARDAMOTR
Rallis India Limited,RALLIS
Happiest Minds Technologies Limited,HAPPSTMNDS
Raymond Lifestyle Limited,RAYMONDLSL
Symphony Limited,SYMPHONY
Gulf Oil Lubricants India Limited,GULFOILLUB
Ajax Engineering Limited,AJAXENGG
Piccadily Agro Industries Limited,PICCADIL
SKY GOLD AND DIAMONDS LIMITED,SKYGOLD
S.J.S. Enterprises Limited,SJS
GANESH HOUSING LIMITED,GANESHHOU
Infosys Limited,INFY
Balu Forge Industries Limited,BALUFORGE
Lumax Industries Limited,LUMAXIND
C.E. Info Systems Limited,MAPMYINDIA
Precision Wires India Limited,PRECWIRE
Fiem Industries Limited,FIEMIND
Mahindra Holidays & Resorts India Limited,MHRIL
AvenuesAI Limited,CCAVENUE
Fujiyama Power Systems Limited,UTLSOLAR
FDC Limited,FDC
Hindustan Foods Limited,HNDFDS
SG Mart Limited,SGMART
Praj Industries Limited,PRAJIND
Arvind Fashions Limited,ARVINDFASN
Jamna Auto Industries Limited,JAMNAAUTO
MAS Financial Services Limited,MASFIN
Sunteck Realty Limited,SUNTECK
Nephrocare Health Services Limited,NEPHROPLUS
Sheela Foam Limited,SFL
DCB Bank Limited,DCBBANK
Kingfa Science & Technology (India) Limited,KINGFA
Suprajit Engineering Limited,SUPRAJIT
Tanla Platforms Limited,TANLA
AXISCADES Technologies Limited,AXISCADES
JK Paper Limited,JKPAPER
Wakefit Innovations Limited,WAKEFIT
Greenlam Industries Limited,GREENLAM
Valor Estate Limited,DBREALTY
Shakti Pumps (India) Limited,SHAKTIPUMP
KRN Heat Exchanger and Refrigeration Limited,KRN
LG Balakrishnan & Bros Limited,LGBBROSLTD
Rategain Travel Technologies Limited,RATEGAIN
Aditya Vision Limited,AVL
MOIL Limited,MOIL
Vikram Solar Limited,VIKRAMSOLR
Thyrocare Technologies Limited,THYROCARE
Prism Johnson Limited,PRSMJOHNSN
Jai Balaji Industries Limited,JAIBALAJI
Cera Sanitaryware Limited,CERA
Garware Technical Fibres Limited,GARFIBRES
BOROSIL RENEWABLES LIMITED,BORORENEW
Saregama India Limited,SAREGAMA
Mrs. Bectors Food Specialities Limited,BECTORFOOD
Isgec Heavy Engineering Limited,ISGEC
India Glycols Limited,INDIAGLYCO
Gujarat Ambuja Exports Limited,GAEL
Mishra Dhatu Nigam Limited,MIDHANI
Shreeji Shipping Global Limited,SHREEJISPG
Ethos Limited,ETHOSLTD
JBM Auto Limited,JBMA
Aarti Pharmalabs Limited,AARTIPHARM
Sapphire Foods India Limited,SAPPHIRE
Power Mech Projects Limited,POWERMECH
Max Estates Limited,MAXESTATES
Shilpa Medicare Limited,SHILPAMED
Welspun Enterprises Limited,WELENT
BlueStone Jewellery and Lifestyle Limited,BLUESTONE
WeWork India Management Limited,WEWORK
Gujarat Narmada Valley Fertilizers and Chemicals Limited,GNFC
Kalpataru Limited,KALPATARU
Quality Power Electrical Equipments Limited,QPOWER
CSB Bank Limited,CSBBANK
Gujarat State Fertilizers & Chemicals Limited,GSFC
Dilip Buildcon Limited,DBL
Inox Green Energy Services Limited,INOXGREEN
Avalon Technologies Limited,AVALON
Dynamatic Technologies Limited,DYNAMATECH
Indian Metals & Ferro Alloys Limited,IMFA
Yatharth Hospital & Trauma Care Services Limited,YATHARTH
Sudarshan Chemical Industries Limited,SUDARSCHEM
Galaxy Surfactants Limited,GALAXYSURF
SML Mahindra Limited,SMLMAH
Sri Lotus Developers and Realty Limited,LOTUSDEV
Tips Music Limited,TIPSMUSIC
EPL Limited,EPL
Latent View Analytics Limited,LATENTVIEW
Shadowfax Technologies Limited,SHADOWFAX
Rashtriya Chemicals and Fertilizers Limited,RCF
Blue Jet Healthcare Limited,BLUEJET
Dodla Dairy Limited,DODLA
Religare Enterprises Limited,RELIGARE
Archean Chemical Industries Limited,ACI
Pearl Global Industries Limited,PGIL
Alok Industries Limited,ALOKINDS
TTK Prestige Limited,TTKPRESTIG
Newgen Software Technologies Limited,NEWGEN
Atlanta Electricals Limited,ATLANTAELE
Sudeep Pharma Limited,SUDEEPPHRM
Diamond Power Infrastructure Limited,DIACABS
V2 Retail Limited,V2RETAIL
Coforge Limited,COFORGE
HMT Limited,HMT
Pricol Limited,PRICOLLTD
Equitas Small Finance Bank Limited,EQUITASBNK
Sonata Software Limited,SONATSOFTW
Jayaswal Neco Industries Limited,JAYNECOIND
Lloyds Enterprises Limited,LLOYDSENT
Le Travenues Technology Limited,IXIGO
P N Gadgil Jewellers Limited,PNGJL
Akums Drugs and Pharmaceuticals Limited,AKUMS
Kirloskar Pneumatic Company Limited,KIRLPNU
Maharashtra Seamless Limited,MAHSEAMLES
Jeena Sikho Lifecare Limited,JSLL
Transrail Lighting Limited,TRANSRAILL
Tejas Networks Limited,TEJASNET
Alkyl Amines Chemicals Limited,ALKYLAMINE
WESTLIFE FOODWORLD LIMITED,WESTLIFE
Mahindra Lifespace Developers Limited,MAHLIFE
The Karnataka Bank Limited,KTKBANK
Birla Corporation Limited,BIRLACORPN
Transport Corporation of India Limited,TCI
KRBL Limited,KRBL
LLOYDS ENGINEERING WORKS LIMITED,LLOYDSENGG
Sterlite Technologies Limited,STLTECH
Clean Science and Technology Limited,CLEAN
Strides Pharma Science Limited,STAR
VA Tech Wabag Limited,WABAG
Marksans Pharma Limited,MARKSANS
Nesco Limited,NESCO
PC Jeweller Limited,PCJEWELLER
Genus Power Infrastructures Limited,GENUSPOWER
Campus Activewear Limited,CAMPUS
India Shelter Finance Corporation Limited,INDIASHLTR
KPI Green Energy Limited,KPIGREEN
Orkla India Limited,ORKLAINDIA
Tata Teleservices (Maharashtra) Limited,TTML
Healthcare Global Enterprises Limited,HCG
Aditya Birla Fashion and Retail Limited,ABFRL
Procter & Gamble Health Limited,PGHL
ASK Automotive Limited,ASKAUTOLTD
Olectra Greentech Limited,OLECTRA
Varroc Engineering Limited,VARROC
Amagi Media Labs Limited,AMAGI
Park Medi World Limited,PARKHOSPS
Zee Entertainment Enterprises Limited,ZEEL
Embassy Developments Limited,EMBDL
Jupiter Life Line Hospitals Limited,JLHL
Esab India Limited,ESABINDIA
Manorama Industries Limited,MANORAMA
Apollo Micro Systems Limited,APOLLO
Gujarat Pipavav Port Limited,GPPL
Triveni Engineering & Industries Limited,TRIVENI
SKF India Limited,SKFINDIA
Relaxo Footwears Limited,RELAXO
Star Cement Limited,STARCEMENT
Cartrade Tech Limited,CARTRADE
JK Lakshmi Cement Limited,JKLAKSHMI
Banco Products (I) Limited,BANCOINDIA
TSF INVESTMENTS LIMITED,TSFINV
IIFL Capital Services Limited,IIFLCAPS
Waaree Renewable Technologies Limited,WAAREERTL
RHI MAGNESITA INDIA LIMITED,RHIM
Lemon Tree Hotels Limited,LEMONTREE
Shaily Engineering Plastics Limited,SHAILY
Black Box Limited,BBOX
Time Technoplast Limited,TIMETECHNO
Safari Industries (India) Limited,SAFARI
Sanofi India Limited,SANOFI
Voltamp Transformers Limited,VOLTAMP
Astra Microwave Products Limited,ASTRAMICRO
Eureka Forbes Limited,EUREKAFORB
Arvind Limited,ARVIND
Cello World Limited,CELLO
G R Infraprojects Limited,GRINFRA
Jubilant Ingrevia Limited,JUBLINGREA
Aequs Limited,AEQUS
MMTC Limited,MMTC
Viyash Scientific Limited,VIYASH
Jyothy Labs Limited,JYOTHYLAB
Elecon Engineering Company Limited,ELECON
GMR Power and Urban Infra Limited,GMRP&UI
TITAGARH RAIL SYSTEMS LIMITED,TITAGARH
Vedant Fashions Limited,MANYAVAR
Balrampur Chini Mills Limited,BALRAMCHIN
NCC Limited,NCC
Metropolis Healthcare Limited,METROPOLIS
CORONA Remedies Limited,CORONA
Intellect Design Arena Limited,INTELLECT
Prudent Corporate Advisory Services Limited,PRUDENT
Garware Hi-Tech Films Limited,GRWRHITECH
Nazara Technologies Limited,NAZARA
Cemindia Projects Limited,CEMPRO
HFCL Limited,HFCL
Honasa Consumer Limited,HONASA
Reliance Power Limited,RPOWER
Ramkrishna Forgings Limited,RKFORGE
PVR INOX Limited,PVRINOX
Railtel Corporation Of India Limited,RAILTEL
Cyient Limited,CYIENT
Vesuvius India Limited,VESUVIUS
Bata India Limited,BATAINDIA
Medplus Health Services Limited,MEDPLUS
Aavas Financiers Limited,AAVAS
Vijaya Diagnostic Centre Limited,VIJAYA
RITES Limited,RITES
Sanofi Consumer Healthcare India Limited,SANOFICONR
Jaiprakash Power Ventures Limited,JPPOWER
SBFC Finance Limited,SBFC
Brainbees Solutions Limited,FIRSTCRY
Sandur Manganese & Iron Ores Limited,SANDUMA
Action Construction Equipment Limited,ACE
INOX India Limited,INOXINDIA
Ola Electric Mobility Limited,OLAELEC
Edelweiss Financial Services Limited,EDELWEISS
Tamilnad Mercantile Bank Limited,TMB
BLACKBUCK LIMITED,BLACKBUCK
Sharda Cropchem Limited,SHARDACROP
Afcons Infrastructure Limited,AFCONS
BIRLASOFT LIMITED,BSOFT
The South Indian Bank Limited,SOUTHBANK
Cupid Limited,CUPID
Godfrey Phillips India Limited,GODFRYPHLP
ICICI Bank Limited,ICICIBANK
Azad Engineering Limited,AZAD
Indian Energy Exchange Limited,IEX
HEG Limited,HEG
Alivus Life Sciences Limited,ALIVUS
Tilaknagar Industries Limited,TI
Can Fin Homes Limited,CANFINHOME
Ujjivan Small Finance Bank Limited,UJJIVANSFB
Home First Finance Company India Limited,HOMEFIRST
Jupiter Wagons Limited,JWL
Finolex Industries Limited,FINPIPE
BLS International Services Limited,BLS
Whirlpool of India Limited,WHIRLPOOL
Mtar Technologies Limited,MTARTECH
Nuvoco Vistas Corporation Limited,NUVOCO
Gravita India Limited,GRAVITA
The Bombay Burmah Trading Corporation Limited,BBTC
Jindal Saw Limited,JINDALSAW
Privi Speciality Chemicals Limited,PRIVISCL
Indegene Limited,INDGN
NMDC Steel Limited,NSLNISP
SWAN CORP LIMITED,SWANCORP
Cohance Lifesciences Limited,COHANCE
Welspun Living Limited,WELSPUNLIV
Lumax Auto Technologies Limited,LUMAXTECH
Inox Wind Limited,INOXWIND
Mahanagar Gas Limited,MGL
Rainbow Childrens Medicare Limited,RAINBOW
PCBL Chemical Limited,PCBL
Sammaan Capital Limited,SAMMAANCAP
Zen Technologies Limited,ZENTEC
Aptus Value Housing Finance India Limited,APTUS
Zydus Wellness Limited,ZYDUSWELL
Shipping Corporation Of India Limited,SCI
Five-Star Business Finance Limited,FIVESTAR
JM Financial Limited,JMFINANCIL
Thangamayil Jewellery Limited,THANGAMAYL
Godrej Agrovet Limited,GODREJAGRO
Aditya Birla Lifestyle Brands Limited,ABLBL
Engineers India Limited,ENGINERSIN
Paradeep Phosphates Limited,PARADEEP
Kirloskar Brothers Limited,KIRLOSBROS
Deepak Fertilizers and Petrochemicals Corporation Limited,DEEPAKFERT
Happy Forgings Limited,HAPPYFORGE
The India Cements Limited,INDIACEM
Ingersoll Rand (India) Limited,INGERRAND
SKF India (Industrial) Limited,SKFINDUS
UTI Asset Management Company Limited,UTIAMC
Aether Industries Limited,AETHER
Usha Martin Limited,USHAMART
Concord Biotech Limited,CONCORDBIO
Zensar Technologies Limited,ZENSARTECH
Indiamart Intermesh Limited,INDIAMART
Poly Medicure Limited,POLYMED
Rubicon Research Limited,RUBICON
Trident Limited,TRIDENT
Caplin Point Laboratories Limited,CAPLIPOINT
TBO Tek Limited,TBOTEK
Minda Corporation Limited,MINDACORP
Capri Global Capital Limited,CGCL
Emmvee Photovoltaic Power Limited,EMMVEE
Akzo Nobel India Limited,AKZOINDIA
Allied Blenders and Distillers Limited,ABDL
Fractal Analytics Limited,FRACTAL
The Jammu & Kashmir Bank Limited,J&KBANK
Ksb Limited,KSB
Blue Dart Express Limited,BLUEDART
Ircon International Limited,IRCON
Canara HSBC Life Insurance Company Limited,CANHLIFE
CCL Products (India) Limited,CCL
Supreme Petrochem Limited,SPLPETRO
Tega Industries Limited,TEGA
Techno Electric & Engineering Company Limited,TECHNOE
Jain Resource Recycling Limited,JAINREC
V-Guard Industries Limited,VGUARD
Jubilant Pharmova Limited,JUBLPHARMA
JK Tyre & Industries Limited,JKTYRE
Shriram Pistons & Rings Limited,SHRIPISTON
Niva Bupa Health Insurance Company Limited,NIVABUPA
Gallantt Ispat Limited,GALLANTT
LT Foods Limited,LTFOODS
Finolex Cables Limited,FINCABLES
BEML Limited,BEML
Signatureglobal (India) Limited,SIGNATURE
Graphite India Limited,GRAPHITE
Alembic Pharmaceuticals Limited,APLLTD
Granules India Limited,GRANULES
Anupam Rasayan India Limited,ANURAS
TD Power Systems Limited,TDPOWERSYS
DOMS Industries Limited,DOMS
Dr. Agarwal's Health Care Limited,AGARWALEYE
Acme Solar Holdings Limited,ACMESOLAR
Gabriel India Limited,GABRIEL
International Gemmological Institute (India) Limited,IGIL
CEAT Limited,CEATLTD
Aditya Birla Real Estate Limited,ABREL
Chennai Petroleum Corporation Limited,CHENNPETRO
Fine Organic Industries Limited,FINEORG
Syrma SGS Technology Limited,SYRMA
Sansera Engineering Limited,SANSERA
Choice International Limited,CHOICEIN
Firstsource Solutions Limited,FSL
Sobha Limited,SOBHA
BASF India Limited,BASF
eClerx Services Limited,ECLERX
HDFC Bank Limited,HDFCBANK
Maharashtra Scooters Limited,MAHSCOOTER
Leela Palaces Hotels & Resorts Limited,THELEELA
Bharat Coking Coal Limited,BHARATCOAL
Kajaria Ceramics Limited,KAJARIACER
Vinati Organics Limited,VINATIORGA
Devyani International Limited,DEVYANI
Onesource Specialty Pharma Limited,ONESOURCE
Amara Raja Energy & Mobility Limited,ARE&M
EID Parry India Limited,EIDPARRY
Triveni Turbine Limited,TRITURBINE
KEC International Limited,KEC
IFCI Limited,IFCI
Urban Company Limited,URBANCO
Vardhman Textiles Limited,VTL
LMW Limited,LMW
Carborundum Universal Limited,CARBORUNIV
Bikaji Foods International Limited,BIKAJI
DCM Shriram Limited,DCMSHRIRAM
Aarti Industries Limited,AARTIIND
Ventive Hospitality Limited,VENTIVE
Travel Food Services Limited,TRAVELFOOD
Century Plyboards (India) Limited,CENTURYPLY
Kfin Technologies Limited,KFINTECH
Neuland Laboratories Limited,NEULANDLAB
Kansai Nerolac Paints Limited,KANSAINER
Crompton Greaves Consumer Electricals Limited,CROMPTON
Belrise Industries Limited,BELRISE
JSW Cement Limited,JSWCEMENT
Computer Age Management Services Limited,CAMS
NAVA LIMITED,NAVA
Elgi Equipments Limited,ELGIEQUIP
Syngene International Limited,SYNGENE
Brigade Enterprises Limited,BRIGADE
Gujarat State Petronet Limited,GSPL
Ratnamani Metals & Tubes Limited,RATNAMANI
Avanti Feeds Limited,AVANTIFEED
R R Kabel Limited,RRKABEL
Acutaas Chemicals Limited,ACUTAAS
Natco Pharma Limited,NATCOPHARM
Chalet Hotels Limited,CHALET
Godawari Power And Ispat limited,GPIL
PG Electroplast Limited,PGEL
CIE Automotive India Limited,CIEINDIA
Craftsman Automation Limited,CRAFTSMAN
Data Patterns (India) Limited,DATAPATTNS
Gujarat Mineral Development Corporation Limited,GMDCLTD
Anant Raj Limited,ANANTRAJ
Tata Chemicals Limited,TATACHEM
Sundram Fasteners Limited,SUNDRMFAST
Chambal Fertilizers & Chemicals Limited,CHAMBLFERT
Grindwell Norton Limited,GRINDWELL
JSW Holdings Limited,JSWHL
Patanjali Foods Limited,PATANJALI
Castrol India Limited,CASTROLIND
SAGILITY LIMITED,SAGILITY
Jyoti CNC Automation Limited,JYOTICNC
Punjab & Sind Bank,PSB
Eris Lifesciences Limited,ERIS
HBL Engineering Limited,HBLENGINE
Motherson Sumi Wiring India Limited,MSUMI
The Great Eastern Shipping Company Limited,GESHIP
Affle 3i Limited,AFFLE
Sarda Energy & Minerals Limited,SARDAEN
Atul Limited,ATUL
EIH Limited,EIHOTEL
Prime Focus Limited,PFOCUS
RBL Bank Limited,RBLBANK
Aditya Infotech Limited,CPPLUS
Sumitomo Chemical India Limited,SUMICHEM
Emami Limited,EMAMILTD
Hatsun Agro Product Limited,HATSUN
Aadhar Housing Finance Limited,AADHARHFC
Kirloskar Oil Engines Limited,KIRLOSENG
CREDITACCESS GRAMEEN LIMITED,CREDITACC
KIOCL Limited,KIOCL
Piramal Pharma Limited,PPLPHARMA
Sai Life Sciences Limited,SAILIFE
CESC Limited,CESC
KPIT Technologies Limited,KPITTECH
Bayer Cropscience Limited,BAYERCROP
City Union Bank Limited,CUB
IIFL Finance Limited,IIFL
Kalpataru Projects International Limited,KPIL
Deepak Nitrite Limited,DEEPAKNTR
Schneider Electric Infrastructure Limited,SCHNEIDER
PNB Housing Finance Limited,PNBHOUSING
Netweb Technologies India Limited,NETWEB
Welspun Corp Limited,WELCORP
Pine Labs Limited,PINELABS
Redington Limited,REDINGTON
Asahi India Glass Limited,ASAHIINDIA
AstraZeneca Pharma India Limited,ASTRAZEN
Wockhardt Limited,WOCKPHARMA
Inventurus Knowledge Solutions Limited,IKS
Nuvama Wealth Management Limited,NUVAMA
Pfizer Limited,PFIZER
Dr. Lal Path Labs Ltd.,LALPATHLAB
Tenneco Clean Air India Limited,TENNIND
Tata Technologies Limited,TATATECH
Shyam Metalics and Energy Limited,SHYAMMETL
Manappuram Finance Limited,MANAPPURAM
Indraprastha Gas Limited,IGL
Aegis Logistics Limited,AEGISLOG
The New India Assurance Company Limited,NIACL
Himadri Speciality Chemical Limited,HSCL
AWL Agri Business Limited,AWL
Kaynes Technology India Limited,KAYNES
Physicswallah Limited,PWL
NBCC (India) Limited,NBCC
IRB Infrastructure Developers Limited,IRB
Aegis Vopak Terminals Limited,AEGISVOPAK
Aditya Birla Sun Life AMC Limited,ABSLAMC
Anand Rathi Wealth Limited,ANANDRATHI
Sun TV Network Limited,SUNTV
ITI Limited,ITI
Timken India Limited,TIMKEN
Central Depository Services (India) Limited,CDSL
The Ramco Cements Limited,RAMCOCEM
PTC Industries Limited,PTCIL
Gillette India Limited,GILLETTE
Ather Energy Limited,ATHERENERG
Emcure Pharmaceuticals Limited,EMCURE
Star Health and Allied Insurance Company Limited,STARHEALTH
Honeywell Automation India Limited,HONAUT
Garden Reach Shipbuilders & Engineers Limited,GRSE
Gujarat Gas Limited,GUJGASLTD
Amber Enterprises India Limited,AMBER
Tata Elxsi Limited,TATAELXSI
Exide Industries Limited,EXIDEIND
ZF Commercial Vehicle Control Systems India Limited,ZFCVINDIA
SJVN Limited,SJVN
Metro Brands Limited,METROBRAND
Apollo Tyres Limited,APOLLOTYRE
Hexaware Technologies Limited,HEXT
Bandhan Bank Limited,BANDHANBNK
LIC Housing Finance Limited,LICHSGFIN
Krishna Institute of Medical Sciences Limited,KIMS
ACC Limited,ACC
Gland Pharma Limited,GLAND
K.P.R. Mill Limited,KPRMILL
TVS Holdings Limited,TVSHLTD
Cholamandalam Financial Holdings Limited,CHOLAHLDNG
Global Health Limited,MEDANTA
Go Digit General Insurance Limited,GODIGIT
Karur Vysya Bank Limited,KARURVYSYA
CRISIL Limited,CRISIL
Navin Fluorine International Limited,NAVINFLUOR
FORCE MOTORS LTD,FORCEMOT
Delhivery Limited,DELHIVERY
Premier Energies Limited,PREMIERENE
Indian Renewable Energy Development Agency Limited,IREDA
JB Chemicals & Pharmaceuticals Limited,JBCHEPHARM
Sona BLW Precision Forgings Limited,SONACOMS
Godrej Industries Limited,GODREJIND
Aster DM Healthcare Limited,ASTERDM
Jubilant Foodworks Limited,JUBLFOOD
Mangalore Refinery and Petrochemicals Limited,MRPL
Thermax Limited,THERMAX
Radico Khaitan Limited,RADICO
AIA Engineering Limited,AIAENG
Page Industries Limited,PAGEIND
NLC India Limited,NLCINDIA
Central Bank of India,CENTRALBK
Poonawalla Fincorp Limited,POONAWALLA
Procter & Gamble Hygiene and Health Care Limited,PGHH
ITC Hotels Limited,ITCHOTELS
UCO Bank,UCOBANK
Dalmia Bharat Limited,DALBHARAT
L&T Technology Services Limited,LTTS
Housing & Urban Development Corporation Limited,HUDCO
Ajanta Pharma Limited,AJANTPHARM
Endurance Technologies Limited,ENDURANCE
Narayana Hrudayalaya Ltd.,NH
Container Corporation of India Limited,CONCOR
Gujarat Fluorochemicals Limited,FLUOROCHEM
Escorts Kubota Limited,ESCORTS
IPCA Laboratories Limited,IPCALAB
Cochin Shipyard Limited,COCHINSHIP
Piramal Finance Limited,PIRAMALFIN
Anthem Biosciences Limited,ANTHEM
Blue Star Limited,BLUESTARCO
Authum Investment & Infrastructure Limited,AIIL
3M India Limited,3MINDIA
United Breweries Limited,UBL
Kalyan Jewellers India Limited,KALYANKJIL
360 ONE WAM LIMITED,360ONE
GlaxoSmithKline Pharmaceuticals Limited,GLAXO
MphasiS Limited,MPHASIS
Motilal Oswal Financial Services Limited,MOTILALOFS
JK Cement Limited,JKCEMENT
Astral Limited,ASTRAL
Apar Industries Limited,APARINDS
Tata Communications Limited,TATACOMM
Indian Railway Catering And Tourism Corporation Limited,IRCTC
Balkrishna Industries Limited,BALKRISIND
Mahindra & Mahindra Financial Services Limited,M&MFIN
Bharat Dynamics Limited,BDL
Biocon Limited,BIOCON
PI Industries Limited,PIIND
Fertilizers and Chemicals Travancore Limited,FACT
Petronet LNG Limited,PETRONET
KEI Industries Limited,KEI
Supreme Industries Limited,SUPREMEIND
Voltas Limited,VOLTAS
Godrej Properties Limited,GODREJPROP
JSW Infrastructure Limited,JSWINFRA
Berger Paints (I) Limited,BERGEPAINT
Tube Investments of India Limited,TIINDIA
IDFC First Bank Limited,IDFCFIRSTB
Adani Power Limited,ADANIPOWER
Vishal Mega Mart Limited,VMM
Hindustan Copper Limited,HINDCOPPER
Oberoi Realty Limited,OBEROIRLTY
Adani Total Gas Limited,ATGL
Abbott India Limited,ABBOTINDIA
Linde India Limited,LINDEINDIA
Bank of Maharashtra,MAHABANK
UPL Limited,UPL
HDFC Asset Management Company Limited,HDFCAMC
Laurus Labs Limited,LAURUSLABS
HDB Financial Services Limited,HDBFS
Suzlon Energy Limited,SUZLON
The Phoenix Mills Limited,PHOENIXLTD
Nippon Life India Asset Management Limited,NAM-INDIA
MRF Limited,MRF
Prestige Estates Projects Limited,PRESTIGE
Oracle Financial Services Software Limited,OFSS
Glenmark Pharmaceuticals Limited,GLENMARK
Sundaram Finance Limited,SUNDARMFIN
Colgate Palmolive (India) Limited,COLPAL
Bajaj Finance Limited,BAJFINANCE
APL Apollo Tubes Limited,APLAPOLLO
Multi Commodity Exchange of India Limited,MCX
Max Financial Services Limited,MFSL
Dixon Technologies (India) Limited,DIXON
Jindal Stainless Limited,JSL
Yes Bank Limited,YESBANK
National Aluminium Company Limited,NATIONALUM
Coromandel International Limited,COROMANDEL
Rail Vikas Nigam Limited,RVNL
Info Edge (India) Limited,NAUKRI
General Insurance Corporation of India,GICRE
Alkem Laboratories Limited,ALKEM
Lloyds Metals And Energy Limited,LLOYDSME
Schaeffler India Limited,SCHAEFFLER
PB Fintech Limited,POLICYBZR
Steel Authority of India Limited,SAIL
UNO Minda Limited,UNOMINDA
Swiggy Limited,SWIGGY
One 97 Communications Limited,PAYTM
Indian Overseas Bank,IOB
Aurobindo Pharma Limited,AUROPHARMA
Fortis Healthcare Limited,FORTIS
L&T Finance Limited,LTF
AU Small Finance Bank Limited,AUBANK
NMDC Limited,NMDC
Meesho Limited,MEESHO
Bajaj Housing Finance Limited,BAJAJHFL
The Federal Bank Limited,FEDERALBNK
Persistent Systems Limited,PERSISTENT
SBI Cards and Payment Services Limited,SBICARD
IndusInd Bank Limited,INDUSINDBK
NHPC Limited,NHPC
FSN E-Commerce Ventures Limited,NYKAA
Pidilite Industries Limited,PIDILITIND
SRF Limited,SRF
NTPC Green Energy Limited,NTPCGREEN
Waaree Energies Limited,WAAREEENER
Oil India Limited,OIL
Torrent Power Limited,TORNTPOWER
Bharti Hexacom Limited,BHARTIHEXA
Bank of India,BANKINDIA
JSW Energy Limited,JSWENERGY
Havells India Limited,HAVELLS
Aditya Birla Capital Limited,ABCAPITAL
Mazagon Dock Shipbuilders Limited,MAZDOCK
Samvardhana Motherson International Limited,MOTHERSON
Bharat Forge Limited,BHARATFORG
Dabur India Limited,DABUR
Bharat Heavy Electricals Limited,BHEL
REC Limited,RECLTD
Zydus Lifesciences Limited,ZYDUSLIFE
Lenskart Solutions Limited,LENSKART
Mankind Pharma Limited,MANKIND
Hindustan Petroleum Corporation Limited,HINDPETRO
SHREE CEMENT LIMITED,SHREECEM
ICICI Lombard General Insurance Company Limited,ICICIGI
ICICI Prudential Life Insurance Company Limited,ICICIPRULI
The Indian Hotels Company Limited,INDHOTEL
GE Vernova T&D India Limited,GVT&D
Lodha Developers Limited,LODHA
United Spirits Limited,UNITDSPR
Billionbrains Garage Ventures Limited,GROWW
Marico Limited,MARICO
Siemens Energy India Limited,ENRIN
Lupin Limited,LUPIN
GMR AIRPORTS LIMITED,GMRAIRPORT
Max Healthcare Institute Limited,MAXHEALTH
Bosch Limited,BOSCHLTD
LG Electronics India Limited,LGEINDIA
Cipla Limited,CIPLA
Ambuja Cements Limited,AMBUJACEM
BSE Limited,BSE
GAIL (India) Limited,GAIL
Apollo Hospitals Enterprise Limited,APOLLOHOSP
TATA CONSUMER PRODUCTS LIMITED,TATACONSUM
Hitachi Energy India Limited,POWERINDIA
CG Power and Industrial Solutions Limited,CGPOWER
Hero MotoCorp Limited,HEROMOTOCO
Vodafone Idea Limited,IDEA
Indus Towers Limited,INDUSTOWER
Bajaj Holdings & Investment Limited,BAJAJHLDNG
Tata Power Company Limited,TATAPOWER
Adani Energy Solutions Limited,ADANIENSOL
Siemens Limited,SIEMENS
Solar Industries India Limited,SOLARINDS
Ashok Leyland Limited,ASHOKLEY
Godrej Consumer Products Limited,GODREJCP
Nestle India Limited,NESTLEIND
IDBI Bank Limited,IDBI
JINDAL STEEL LIMITED,JINDALSTEL
ABB India Limited,ABB
Polycab India Limited,POLYCAB
LTIMindtree Limited,LTM
Tech Mahindra Limited,TECHM
Indian Bank,INDIANB
Muthoot Finance Limited,MUTHOOTFIN
Indian Railway Finance Corporation Limited,IRFC
Cummins India Limited,CUMMINSIND
Power Finance Corporation Limited,PFC
Trent Limited,TRENT
Tata Motors Passenger Vehicles Limited,TMPV
Tata Capital Limited,TATACAP
Canara Bank,CANBK
Britannia Industries Limited,BRITANNIA
Torrent Pharmaceuticals Limited,TORNTPHARM
Cholamandalam Investment and Finance Company Limited,CHOLAFIN
Punjab National Bank,PNB
DLF Limited,DLF
Varun Beverages Limited,VBL
ICICI Prudential Asset Management Company Limited,ICICIAMC
HDFC Life Insurance Company Limited,HDFCLIFE
Adani Green Energy Limited,ADANIGREEN
Union Bank of India,UNIONBANK
Jio Financial Services Limited,JIOFIN
Bank of Baroda,BANKBARODA
Bharat Petroleum Corporation Limited,BPCL
Divi's Laboratories Limited,DIVISLAB
Hyundai Motor India Limited,HYUNDAI
TVS Motor Company Limited,TVSMOTOR
Tata Motors Limited,TMCV
InterGlobe Aviation Limited,INDIGO
Grasim Industries Limited,GRASIM
Shriram Finance Limited,SHRIRAMFIN
SBI Life Insurance Company Limited,SBILIFE
Hindalco Industries Limited,HINDALCO
Eicher Motors Limited,EICHERMOT
ETERNAL LIMITED,ETERNAL
Asian Paints Limited,ASIANPAINT
Adani Enterprises Limited,ADANIENT
Avenue Supermarts Limited,DMART
Hindustan Zinc Limited,HINDZINC
Hindustan Aeronautics Limited,HAL
Indian Oil Corporation Limited,IOC
Tata Steel Limited,TATASTEEL
Coal India Limited,COALINDIA
Vedanta Limited,VEDL
Power Grid Corporation of India Limited,POWERGRID
Bajaj Auto Limited,BAJAJ-AUTO
JSW Steel Limited,JSWSTEEL
Bajaj Finserv Limited,BAJAJFINSV
Bharat Electronics Limited,BEL
Adani Ports and Special Economic Zone Limited,ADANIPORTS
Oil & Natural Gas Corporation Limited,ONGC
NTPC Limited,NTPC
UltraTech Cement Limited,ULTRACEMCO
HCL Technologies Limited,HCLTECH
Titan Company Limited,TITAN
ITC Limited,ITC
Mahindra & Mahindra Limited,M&M
Kotak Mahindra Bank Limited,KOTAKBANK
Sun Pharmaceutical Industries Limited,SUNPHARMA
Axis Bank Limited,AXISBANK
Maruti Suzuki India Limited,MARUTI
Life Insurance Corporation Of India,LICI
Hindustan Unilever Limited,HINDUNILVR
Larsen & Toubro Limited,LT
Tata Consultancy Services Limited,TCS
State Bank of India,SBIN
Bharti Airtel Limited,BHARTIARTL
Reliance Industries Limited,RELIANCE
Aarnav Fashions Limited,AARNAV
Bonlon Industries Limited,BONLON
Shankara Buildpro Limited,BUILDPRO
Ceinsys Tech Limited,CEINSYS
DCM Shriram International Limited,DCMSIL
DCM Shriram Fine Chemicals Limited,DSFCL
Glottis Limited,GLOTTIS
Kwality Wall's (India) Limited,KWIL
Sadhana Nitrochem Limited-RE,SADHNA-RE
Sical Logistics Ltd-RE,SICAL-RE
TCC Concept Limited,TCC
